video,video_url,playlist,playlist_url,thumbnail,channel,channel_url,age,views,date_added
The BEST Half Guard Sweep There is!,https://www.youtube.com/watch?v=J8OxuvhxXlo&list=PLBXsJUsJ167nJ62fjSg5CgHSNyJ6rHVwx&index=1&pp=iAQB,BJJ - Half guard - YouTube,https://www.youtube.com/playlist?list=PLBXsJUsJ167nJ62fjSg5CgHSNyJ6rHVwx,https://i.ytimg.com/vi/J8OxuvhxXlo/hqdefault.jpg?sqp=-oaymwEcCNACELwBSFXyq4qpAw4IARUAAIhCGAFwAcABBg==&rs=AOn4CLCvkJ11TBBYLpZqRGVKSvaHQyMRkw,TeachMeGrappling Coach Brian,https://www.youtube.com/@TeachMeGrappling,3 years ago,99K views,Mon Apr 10 2023 06:32:29 GMT+1000 (Australian Eastern Standard Time)
Defeating the weave pass with the underhook (Lachlan Giles),https://www.youtube.com/watch?v=ZXt2yzy0BL0&list=PLBXsJUsJ167nJ62fjSg5CgHSNyJ6rHVwx&index=2&pp=iAQB,BJJ - Half guard - YouTube,https://www.youtube.com/playlist?list=PLBXsJUsJ167nJ62fjSg5CgHSNyJ6rHVwx,https://i.ytimg.com/vi/ZXt2yzy0BL0/hqdefault.jpg?sqp=-oaymwEcCNACELwBSFXyq4qpAw4IARUAAIhCGAFwAcABBg==&rs=AOn4CLA9HsGaI-FkT_8jtgyQpH294QJQnA,Absolute MMA St Kilda - Melbourne,https://www.youtube.com/@AbsoluteMMAStKilda,5 years ago,14K views,Mon Apr 10 2023 06:32:29 GMT+1000 (Australian Eastern Standard Time)
My Most Useful Counter to the Leg Weave in Kneeshield Half Guard,https://www.youtube.com/watch?v=IRsIlQAlxZg&list=PLBXsJUsJ167nJ62fjSg5CgHSNyJ6rHVwx&index=3&pp=iAQB,BJJ - Half guard - YouTube,https://www.youtube.com/playlist?list=PLBXsJUsJ167nJ62fjSg5CgHSNyJ6rHVwx,https://i.ytimg.com/vi/IRsIlQAlxZg/hqdefault.jpg?sqp=-oaymwEcCNACELwBSFXyq4qpAw4IARUAAIhCGAFwAcABBg==&rs=AOn4CLAtx8wj74M07Qae9D5UkD2Dvde6dQ,Kenneth Brown,https://www.youtube.com/@KennethBrown,1 year ago,3.1K views,Mon Apr 10 2023 06:32:29 GMT+1000 (Australian Eastern Standard Time)
Repummel your Underhook 100% of the time with this Simple Move,https://www.youtube.com/watch?v=VyacMx70Yxw&list=PLBXsJUsJ167nJ62fjSg5CgHSNyJ6rHVwx&index=4&pp=iAQB,BJJ - Half guard - YouTube,https://www.youtube.com/playlist?list=PLBXsJUsJ167nJ62fjSg5CgHSNyJ6rHVwx,https://i.ytimg.com/vi/VyacMx70Yxw/hqdefault.jpg?sqp=-oaymwEcCNACELwBSFXyq4qpAw4IARUAAIhCGAFwAcABBg==&rs=AOn4CLA9mM3CMOFK9ggLthSrWiLKf0DmWg,Wiltse Brothers BJJ,https://www.youtube.com/@WiltseBrothersBJJ,9 months ago,25K views,Mon Apr 10 2023 06:32:29 GMT+1000 (Australian Eastern Standard Time)
Countering the leg weave pass,https://www.youtube.com/watch?v=_PIBVFfmhLg&list=PLBXsJUsJ167nJ62fjSg5CgHSNyJ6rHVwx&index=5&pp=iAQB,BJJ - Half guard - YouTube,https://www.youtube.com/playlist?list=PLBXsJUsJ167nJ62fjSg5CgHSNyJ6rHVwx,https://i.ytimg.com/vi/_PIBVFfmhLg/hqdefault.jpg?sqp=-oaymwEcCNACELwBSFXyq4qpAw4IARUAAIhCGAFwAcABBg==&rs=AOn4CLBiQfeYayoiUPxEinZrDiGy2I8Azw,Inverted Gear,https://www.youtube.com/@InvertedGear,6 years ago,6.8K views,Mon Apr 10 2023 06:32:29 GMT+1000 (Australian Eastern Standard Time)
The Weave Pass (Lachlan Giles),https://www.youtube.com/watch?v=ymHa2f9QqnQ&list=PLBXsJUsJ167nJ62fjSg5CgHSNyJ6rHVwx&index=6&pp=iAQB,BJJ - Half guard - YouTube,https://www.youtube.com/playlist?list=PLBXsJUsJ167nJ62fjSg5CgHSNyJ6rHVwx,https://i.ytimg.com/vi/ymHa2f9QqnQ/hqdefault.jpg?sqp=-oaymwEcCNACELwBSFXyq4qpAw4IARUAAIhCGAFwAcABBg==&rs=AOn4CLDX52B6tbG4VS04NuyhfMN5KRbq-Q,Absolute MMA St Kilda - Melbourne,https://www.youtube.com/@AbsoluteMMAStKilda,1 year ago,18K views,Mon Apr 10 2023 06:32:29 GMT+1000 (Australian Eastern Standard Time)
Jedi Mind Trick progressions from bottom half-guard.,https://www.youtube.com/watch?v=_NzrSs7K-iU&list=PLBXsJUsJ167nJ62fjSg5CgHSNyJ6rHVwx&index=7&pp=iAQB,BJJ - Half guard - YouTube,https://www.youtube.com/playlist?list=PLBXsJUsJ167nJ62fjSg5CgHSNyJ6rHVwx,https://i.ytimg.com/vi/_NzrSs7K-iU/hqdefault.jpg?sqp=-oaymwEcCNACELwBSFXyq4qpAw4IARUAAIhCGAFwAcABBg==&rs=AOn4CLCs0Fa4v5uZb9fhPYtV72_dT596mg,Royal Grappling Academy BJJ Dublin,https://www.youtube.com/@RoyalGrapplingAcademyBJJDublin,3 years ago,2K views,Mon Apr 10 2023 06:32:29 GMT+1000 (Australian Eastern Standard Time)
A Jedi Mind Trick for Passing the Guard,https://www.youtube.com/watch?v=mrofvt5ivxU&list=PLBXsJUsJ167nJ62fjSg5CgHSNyJ6rHVwx&index=8&pp=iAQB,BJJ - Half guard - YouTube,https://www.youtube.com/playlist?list=PLBXsJUsJ167nJ62fjSg5CgHSNyJ6rHVwx,https://i.ytimg.com/vi/mrofvt5ivxU/hqdefault.jpg?sqp=-oaymwEcCNACELwBSFXyq4qpAw4IARUAAIhCGAFwAcABBg==&rs=AOn4CLCrUKjlq1GXpMrceOihGnLNy5WN5w,Stephan Kesting,https://www.youtube.com/@StephanKesting,8 years ago,41K views,Mon Apr 10 2023 06:32:29 GMT+1000 (Australian Eastern Standard Time)
The Lachlan Jedi Mind Trick,https://www.youtube.com/watch?v=QJ-4s6pcN9c&list=PLBXsJUsJ167nJ62fjSg5CgHSNyJ6rHVwx&index=9&pp=iAQB,BJJ - Half guard - YouTube,https://www.youtube.com/playlist?list=PLBXsJUsJ167nJ62fjSg5CgHSNyJ6rHVwx,https://i.ytimg.com/vi/QJ-4s6pcN9c/hqdefault.jpg?sqp=-oaymwEcCNACELwBSFXyq4qpAw4IARUAAIhCGAFwAcABBg==&rs=AOn4CLAoqI6DdMSgmwLLzEr1duCG5abbtw,Round Table Brazilian Jiu Jitsu,https://www.youtube.com/@roundtablebrazilianjiujits2933,2 years ago,121 views,Mon Apr 10 2023 06:32:29 GMT+1000 (Australian Eastern Standard Time)
A Jedi Mind Trick for Escaping from the Mount,https://www.youtube.com/watch?v=UvK-cbaWDNE&list=PLBXsJUsJ167nJ62fjSg5CgHSNyJ6rHVwx&index=10&pp=iAQB,BJJ - Half guard - YouTube,https://www.youtube.com/playlist?list=PLBXsJUsJ167nJ62fjSg5CgHSNyJ6rHVwx,"data:image/png;base64,iVBORw0KGgoAAAANSUhEUgAAAUAAAAC0CAYAAADl5PURAAAAAXNSR0IArs4c6QAAGZVJREFUeF7tnWesFVUXhucANhCu4AUVW2yofFG5Fuwa1KhfjKLGEk3UxBh7J/rDmPhL/cEPS+wao7H33o0VozH23nsvWEFQ4Hx5Fq7zHYV77ylT9ux5J7m5p8zsvfa79jxn7Tq1SZMm1RMdUiBWBWpJkqiGx+rdrstV6+vry616kBH1Mf0ju5Q7szU0ezorha6SArErUBs9enRuAMxVTDEoV7lLm5nqSWldl4bhtd7e3jgBmIY6SiM8BdSkDc8nJbaoNmbMGAGwLA7UzV8WT8nOkihQeQCWkSlltLkk98PfZkrhcvmrc2srD8DOpdOVUiAyBSrIfQEwsjqs4kgBKdC6AgJg61rpTClQYQXiDA8FwApXaYoeZ7WuuFODL36Xta7Ly5vlEQCDrywyUApIgawUEACzUlbpSgEpELwCAmDwLpKBUkAKZKVASwBMscmdVTmUbpsKyKcDC9afPsXqVmzubVaxbE9PSYqWAJhtSbJIPSV1sjBNaUoBKRCMApECMBh9ZUjaCui3LW1FK51enADUTVLpSh1e4VUhw/PJQoviBGCoassuKSAFglJAAEzLHVX4ka9CGdOqD2VJp+I+FQDbrqgVrzFt66ULpEC4CgiA4fomNcuE7NSkVEKRKSAARuZQFUcKSIHWFRAAW9dKZ2rrBNWByBQQACNzqIqTowLqW8hR7Gyyih6A8+fPT4YMGZLUarVk2LBhydy5c5ORI0cmP/30k/3/448/kqWWWir59ddf7f3QoUOT2bNn22ccXK9DCkiBOBWIHoBLLrlkMm/evOTPP/80AP7111/2H7Dx+fDhw+39ggUL7I/zgOASSyxh5wJOHa6AQh7VhbgUiB6A8+fPS4YMGWqQI6qbM2dO8vvvvycrr7yyRYF8/v3331v052BcZpllDJBEi3ymQwpIgVYUKN8P5MAALF95FvESESAwA3xEc/wtv/zyySGHHGJABH533313MmvWLIsIgR4RINEfIOQzHVJACsSpQPQRICADdA4/gMb7E044wT774Ycfkosuusi8S3MY+NEUJkocMWKE+gDjrPcqVaYKlCdyih6A9XrdmrHet4ffiQqnTZtm0R2gu/TSSxt9gnwPIIkal156aYsIszjCqSLhWJKFzkpTCgykQPQAZASYP0Z7/TVN25NOOskA+O233ybXXnutQZL3nMMB+IgEGQzRIQWkQAwKLPpjnzkAi44vgBqRHP99tJf3xx13nEV5v/zyS3LllVdahMg5wBHwcQBDfx2D+1UGKSAF/qlArbe3t06Uwzy4USNHJbP/mG0gGDt2bDJz5sxk1KhR9h9o0HTkPPrKOOhfo4lJXxmvmT/HAANQ8aYkYKFJyff0rwEdQMTr5ijLv/e5ep4u/XQ//vij5b3sssta/g4pzmXwwkdtyQcbyGPMmDHJzz//nPT09Jg9fAfMSJd0jjnmGHtNet4HiE3kg82k4TaiAflwoAPX+eCIpsnolpIC5VWgNmLEiDoAoYnIzQ8Mucm5+Tm+/vprgwc3/XLLLWfn+fQQBxqRUvM8O6aU/Pbbb8lqq61moPjkk08MkpzPe6DhgxPe5OQ9hwOS/Lwfbty4cQYgQEYajOhiM/DiOwAJ8MgDO7CRvj3sBoLA3PvyyI9rjzrqKIvwuJYmsJeJfEaPHm3gZ4SYc7/44oukt7fX8iZPB7gixPJWfFkuBVCgNn78+DrAAErrr79+ssEGGyRrrrmmAQoQApRvvvkmeeihh6y/jHOBjYMGUAARAAHctttuu2T8+PEGJg5ARjqffvpp8uyzzyYffPBBIyrj+6HDhiZz58xNdtxxx2STTTaxax544AED2K677moRJZHb66+/njz88MMGRV/JQR5rrLFG0tfXZ9DyKA/biFqfeuqp5Msvv7Rr/M8BTwQIwBgFvuqqq5JVV101mTx5sqXnkR8avPfee8lLL71kPwT8QAB28qdcHGoi60aSAuVVoDZ8+PA6TcIpU6YkG2+8caPpR5EAWnMk9uCDDybvvPOOwRFAAUKiMv4TFe23334GQgBEMxlY+rQSbzK/8sorCekQrXENTVZeA85JkyYZUF544QWDGq85hyjszTffTK677jqLQrkG8O62227JhAkT7Dxs8mgSm3kN9N54443kkUceMQ8ROQJJIMggCNcByhdffNHKD+C8Wc85/ChwznfffZfceOONFoV6lMxrj5LL635ZHr8CRffCh61wbezYsXVAMnHiRLv5OWbMmGERD5EbzdhNN93UYMgNf/vtt1tUBEgccKyqOPDAA60ZCaw++ugjazbS9AWu66yzTrLeeus1mtY0OT/77DMDivcnTp061SJH+uwAFeDjjwgOW2h6AjOiTQAHwIChT2Dmu88//9yghc0bbrih2cK5jz32WPLyyy83mt+ke8oppyTz5gHNhZOeue7999+3iJAVIkSU2267remBjUSf6IImnE/ZmwdMwnazrAtVAeGpWM/UJk+eXN99990tsvERUWBAhAcEiLZWWmklAxxRFeC67bbb7HPO47r//nfXZMKEdQ0OzzzzjDV1fTKxg3KbbbZJdtppJystoLnvvvsa/X1EYQCQJqgPPjz//PPW7CYSIy2gCIBJb8stt0w222wze4/N119/vTVNsc8jTmw/4ogj7DO+u+aaa+y/R4cnn3yyvSZt8nSwk5+DjeYwPw4AkL7ECy+80MrcvMHC/92nqlxsVe4m9xx8l0MW3ShQqWubfFGbNm1afdzYscn8BQsMbERcwI3IjUEA+uC44YHkuuuua69ZOvbuu+825s4dcMABBg3gQDPVBwqAlc/Bo8l65JFHNpqpZ5xxhkVwRJakOXXqHsnEif8xIBHJ3XHHHY1+O0Dl/XtEX8cff7yBkc8AG9GmT3Px/jtgTJN66623tqiS9OhH9Mjy2GOPbewSc9NNNyU0zQEeZfaoj+iS6TI00cnvnHPOMW3IwweAKlVxvLBt3cxtnVxJOVXo4hSonXXWWXUgRbOP+XA0Y4nqOPjc+83oa9tjjz0MUE/PeDqZ8fSMxuYBwMFXWjgYAJCvvwVanENENnyZ4cmwJYbZ6gvyBFwAaosttrAIEEABYgALGLEF6DDwAJDWXnvtZP/99zf7AB/AJS8f9fWpMUCLa4hcsfnDDz9M7rzzTgM74ATGnEv/Hmn4emHS8v5CoE5kShOeMtAPSHO8zs4xf68w0XZZeVbeZpgKrHkqH2tetenTp9cBFX1kNF29X84jMyBBM5M+vIMOOsiA9dprr1nz1CFJfxiRIv1nwMV3UPHpJA5FRnUBE5HiBRdcYE1SviPC23nnnW0QBlgxSEIePseOPAEXdtAvt8MOO5gdRHSc6+n7+UAJ4PIfe8jH5yr6FJYTTzyxMQ3msssu63fbq7322ssAiI233HJL8vHHH9u5PsiieYCx3hoDlUvwjcXrtbPPPrtOlAUYaLpyQwMPAOP9bxTWJ/5y4xM1ES3+e4spQLH55pvbYAZz7wCrR1MAzHdaIY/zzjvPoiogNRAAfWI0NnI9oGRQBlAyzYW+Ql/i5nP9vLnMOb75gfcNYhO2MIhC1EqZuwMgS+cWTomp/LFYLggWla8XAQtQO/PMM+s+QRngASN/79GZTy8BGERSREGXX3659eERlfEZ8/iI4DgcRPznGp/4DBR5TR7nnnuufccxEADdFs7j2l122cVGeLGJ+YKvvvqqQc6Xu/nOzz5oAgR9IIZziHCZtuMAZHCjOwBqw9SA63eOpgn0OYq9mKw609+awACIuXDADHDw3kc7yYkozFc9EInRd8dILgeA2mijjWweHdcR1RGZ0ecGbHzOHukedthhFhl6ExhADhYBNpeU9BnUYESZg+ktDF44cH3uHkD0jQywFzt4D6h9vS8rQbBDACy22ip3KVCkAhYBAjhAQr8erx2AbhjwAIDeZOUcwELfHwdz6njPeUwV8TW+3gfHeYwC77vvvskqq6xiEJo+fXpjXt5gEaCvuiB/VqvsvffeZgsrNJ588snGhGq3ge8cdthA/gyIYBdTWgDl4YcfbtcJgEVWv/Ty7uz3P738F59SmFZlXeoypW99gBjMAMb5559v01kAg4/c+jQWPvf1sjQpeQ1IfG89RmFZJfL44483Ii4fUSUCI9o6+uijbaUIUGIDAt+BZTAA+vph7GRO4sEHH2zpMdH66quvbqxV9sEQHz0GyDSX+Rz7GDTBdsrC9BbKSbnVBC5TlZWtUiBJ7QGttdNOO60OlADavffea01XAOLTWnyAgf++U4rvloIjiMiYIwhkvvrqq+TWW281eAI971MkGmOqC6PIvrzsiiuusKZ0K6PAHpH6ROh99tnHIkma14zMss7Ym+m+5hdbmbrDRGaua56gDQR9KRw2CIC6paRANRWoTZkypc7Agm8NxVw3moUAxfvniKRYXsb8O0aAmVTszVzOY0oJB5/dcMMNNpmakVZvMjMqzHw6msHeLGYeIGkNBkCf0kL62AH0WFHCvEFAxnxBwO0DKj4vj4EOQMn0HODNahH6LX1XGnaE5hr6PQXAalZ+lVoK2Fpg+uZ8BxgGK9566y3rEwROwIv5fEw98W2vbr75ZpsQ7DuhENkBGs7nHDYuYJIyURirK1grTN+bQxNwsR6YyI2DJun2229vgylEiPfff3/y9ttvN5apkaZPyfHn+hJ1En1iL81YNlBgmR7Xr7766rZUjsiW988995xtiOBL5fjs1FNPNRgD+4svvtj6CJkSw+GTuCkP8wCJJDlYMQLcAbuPPGsidBw3kXrrAvFjzo6ojRw5sr7iiisagFjqRlTkW1gBFx9NBUBMKH7iiSdsswOHBecCP/rlAA6bFQATIjWAA2xI0z9n6gwAueeeewxyvqyMUWRWgnD+XXfdZdNbfPoNnzUvdSM9msDMOVxrrbUaz/zwjRXI23d2YaSYvkl/ALpHiqeffrp9BgAvueQS8z75+RxCviM9By3fE0VSdrfZ1xIHUnWKNSPniltsYZV7LArUenp6bENU+uzYEYaJxr6hKWADPPyx2wqjrkRAPima74Gi75DCCg2apgAOcAIKYEQ0yWgtURmgAyysOnn00UcbE6+32moriwC5hs+JQr0fkqgPMPEdwMI+4Ez+DHLwRx+j2wqYWNOLvUSFwNevJy1Afeihhxrw2IiBtc2k65O/fX9E7Nxzzz0tgqU8RKYetfrSOT0zpCS3ggCds6PKIXht3LhxdV//S6QFWOgnAy5EUYyeMlDAASS9H89HUGke+3b2HnXR/8YfzWRABJx8+yjOdYi5R4AksPEVKVzj+wBiE/YBWYBF5EkUCRwdvt6MZoSYA0iTn0/foT/S8+A/gPRpMqRPE9p3wfadYDxyBYrYRhqk61Gig08bouZ8Xyk7KdCfAh0wtzZ69Oi6D0wk9Xoy52/YcIM3QwsIAQHgxX+PAgEHoAOYHvkBF0Dly998AMO3z/LVGaTpzWS+8ye3Een5A8296esbkAJcf+aIP7jcm8jN63J9G3+/nkiP8zkAmj8nhLwcZv7cDz/Hlu6xaeusWY1nC/uKEwdf8QDswOtZ3EKBmJFF0ZRmvArYU+F8+Zuv/mju2AcKRFaAD1AABX9QElEeYFlhhRUswvKIi+sBhUdd/wadN1WBj28sgMRc1wwxnwBNvj6iDLyAa/PGqVzr/XG+g7Vf63b46K+vT/ZBFX8Wig/g+EAPafqE6ubRcJ8Q7un7xg/xVpGCSyawFuyAuLO3p8JRRF9O5k89A2b+Ggh6E9Tn9xFhzZzJw4iWt2azP/3Nn8zmTUc+Bxq+KYGvBfaHIpGPR1E+JYb3/16N4v2MNHuBIECjqUykyLm+z5+n7xurki82AG1e+8CON3VJFwj6Q53c3QCSP7oAmqM+ByX58NoHVeKuJiqdFIhTAYsAPRIDEB4NOhR9VNSbkr4KxKeBADIHDNAhOmOQgvO8qerN1uZRXV9b7Pk59HzU2eX2z3mPnRyAyZ8Ex/feB9ncHHUoAnZ/NKZDq7kJPH8+64brBtJmoDUD2PckdMh6NOpL7+KsGiqVFMhAgcAi+swfjJ6BhEpSCkgBKZCKAjkDMDD8pyJhWIlI4bD8IWvCViBnAIYthqyTAuEpkPVPWtbpZ6doGpYLgNn5p9opp1E7q62gSp+DAgsBqMqag9TKQgpIgdAUUAQYmkeCsEe/iFm4Qaq2ompaKrWWTtQAXFSC1kRpxU06RwqUSYGQa36RtkUAwCLlK9MtIFuzUkA1MCtls0+3XwDKqdmLrxykgBQoVoEIIsBiBVTuZVCgIj/nFSlmmjVOAExTTaUlBWJXIDLICoCxV1iVTwpIgX4VqDwAI/tBU1WXAhErkP7dWnkARlxbVDQp0H/kwx6a0icRAFUJpIAUqKwCGQMw/ZC1sp5SwftXQNVMtaNDBTIGYIdW6TIpIAWkQA4KCIA5iFytLBSOVcvf5S6tAFhC/wkxJXSaTA5SAQEwSLfIKCkgBfJQoPFUuDwyUx5SQApIgZAUsAejh2SQbJECUkAK5KVAra+vTwDMS+2S5kMFod9RhxToV4GSVpLapEmTMgKguup1u4SmgOpkaB4p2p5aT09PRgAsumjKPy8FSvrjn5c8yidgBQTAAJ0joAToFJmUmwJ51n8BMDe3KiMpIAXaUyB7FAqA7XlEZ0sBKRCRAgJgRM5UUaRAmgpkH391aG2KhpUMgCmWvEPtdVl5FFBtKY+virK0ZAAsRqbq3EhxlDSOUhRT16uWa3YALF0tLJ3BVaurKq8USF2B7AC4GFOFmNT9pwSlgBToQoFcAdiFnbo0VAX0q9a6Z6RV61rldGaXAJRHc/KTspECUiADBboEYAYWKclIFdCPZT6Olc7t6CwAtqOWzu1YAd2WHUunCzNUQADMUFwlXRIFROeSOCp9M/sFoOpE+mIrRSmwiAK60QqtFIoAC5VfmUuBbhQQPbtRj2tbBKCE7lZoXd+aApWqaZUqbGv+z/ssNYHzVlz5ZaqAmJKpvNEl3mIEGF25VSApIAWkQKtNYCnVlgIKQ9qSSydXRIEA7wtFgMHVvQBrSXAaySApkI4CAmA6OioVKSAFSqiAAFhCp8lkKZCrAhE3SgoAYARqRlCEXG8gZSYF2lQgr1usCYD/yjIvC9oURqdLgbgU0I1WpD8LiACLLK7ylgJSoOoKNP/kCIBVrw0qvxSosAJdA1ABfIVrj4ouBdpWICxidA3AtsuvC9JVIKz6lG7ZKpNaBE4saRHKAcCSiluZ+zeTgkbs9KCKFpQxmdSkgRINBoANN1TbH7lXAMtQmheju3ItXIFgAFi4EjJACkSrgH7h+nOtAFimSt9cj/ur06rrZfKobC1YAQGwYAcoeykgBYpTQAAsTnvlLAUGV0AR/eAadXFGQACUp7vwoy6VAlKgAwUCAmAH1mv4shPRdE3ECiiMaM+5JQdge4XV2VJACoSjQAiwFgDDqQ+yRApIgZwVEABzFlzZSQEpEI4CtZ6eUfUkqYVjkSwphwIhtF/KoVQwVspli7qiNBGgnBfMffQPQ4L1S7CGhenHqlpVGgBW1UEqtxSQAtkpIABmp234KStKCt9HIVgYcT0RAEOoYB3OZ4y4XgbhFRkRvwICYCw+Fg1j8aTKkaMC+QNQN2qO7lVWUkAKDKRA/gCUP6SAFJACgShQEAAVBgbif5khBSqtQEEArLTmKrwUkAKFKLBo4FVKACp+LKT2KFMpEJ0CpQRgJl4QVTORtbtE5ZTu9NPVgykgAA6mUFm/74AdHVxSVnUqabf8u6jbgwOgnFTJe1OFlgKFKNAyAAWmQvyz2Ezli3B8IUvKrUDLACx3MWW9FMhIAf0aZSRsPsn2C0D5NR8HKBcpIAWKU0ARYHHap5KzfqhSkVGJZKFACSqnAJiF43NLswQ1rEmLQa0d9ITchFVGFVFAAOzE0fUkqdf0IIFOpNM1UiAkBQTAkLwhW6SAFMhVAQEwV7mVmRSQAmkr0E3PSYkB2E2x03aB0pMCUqCMCpQYgGWUWzZLASkQkgLRA1BxYkjVTbYEoYBuioYbogdgEBVORkgBKRCkAgJgkG6RUVJACjQUyDBijRKAGeqlWukKSGTVhQgUyBaAukkiqCIqghSIV4FsARivbiqZFJACESggAA7gRAWwEdTwVooQsqOzsC2LNFvROcBzBMAAnSKTpIAUyEcBATAfnZWLFJACASqQDwAVcgfoepkkBaRAPgCUzoMroB+JwTXSGVIgZQUEwJQFVXJSIHQF8vmtzSeXbrUOFoBpyZdWOt0Kndn10RcwM+WUsBRIggWgfCMFpEDxCsT++yoAFl/HZEHMCsROkJL7rkAA5lAzcsii5P6X+QMpoPoTff0oEIDRa6sCSgEpELgCAmDgDpJ5UkAKZKeAAJidtkq5PwXUtFTdCEQBATAQR8gMKSAF8ldAABxQc4Uq+VdJ5SgF8lNAAMxP635yShey6aZWuDjBGiCdg3VNW4YVBkBVoLb8pJOlgBTIQIHCAJhBWZSkFAhGAf3AB+OKAQ0RAMvhpzat1O23qGCRaRJZcRr+yrlcAmCbaNHpUkAKxKOAAJiZL3P+KcusHCknLFlSFlTJdaNASQG48C7SvdSN63WtFJACJQWgHCcFQlFAP8OheKITOwTATlTTNVKgigpEyHoBsIoVWWWuhgIRAittx7UBQKmZtvhKTwpIgWIVaAOAxRradu7idduS6QIpUDUFggJg2ZlVdvurVvlVXikQFADTcYcwlI6OSqWqClTpDooQgFWttv8sd5UqsTwuBTpV4H+xa/udEulTdAAAAABJRU5ErkJggg==",Stephan Kesting,https://www.youtube.com/@StephanKesting,4 years ago,9.9K views,Mon Apr 10 2023 06:32:29 GMT+1000 (Australian Eastern Standard Time)
Half Guard - Counter the Knee Cut and Take the Back,https://www.youtube.com/watch?v=iVEnJKdQ930&list=PLBXsJUsJ167nJ62fjSg5CgHSNyJ6rHVwx&index=11&pp=iAQB,BJJ - Half guard - YouTube,https://www.youtube.com/playlist?list=PLBXsJUsJ167nJ62fjSg5CgHSNyJ6rHVwx,https://i.ytimg.com/vi/iVEnJKdQ930/hqdefault.jpg?sqp=-oaymwEcCNACELwBSFXyq4qpAw4IARUAAIhCGAFwAcABBg==&rs=AOn4CLAeT_TgYAtDhqHSKrLka5hUCmkF-Q,Jake Mackenzie BJJ,https://www.youtube.com/@jakemackenziebjj5136,2 years ago,15K views,Mon Apr 10 2023 06:32:29 GMT+1000 (Australian Eastern Standard Time)
One Of The Most Important Concepts For The Best BJJ Half Guard by Bernardo Faria,https://www.youtube.com/watch?v=itQcM5aBRq4&list=PLBXsJUsJ167nJ62fjSg5CgHSNyJ6rHVwx&index=12&pp=iAQB,BJJ - Half guard - YouTube,https://www.youtube.com/playlist?list=PLBXsJUsJ167nJ62fjSg5CgHSNyJ6rHVwx,https://i.ytimg.com/vi/itQcM5aBRq4/hqdefault.jpg?sqp=-oaymwEcCNACELwBSFXyq4qpAw4IARUAAIhCGAFwAcABBg==&rs=AOn4CLAtJKWtjoGXY28BU_L8BegAUtCmDw,Giancarlo Bodoni,https://www.youtube.com/@giancarlobodonibjj,2 years ago,17K views,Mon Apr 10 2023 06:32:29 GMT+1000 (Australian Eastern Standard Time)
Setting A Crossface - A Crucial Skill of Half Guard Passing by John Danaher,https://www.youtube.com/watch?v=eA9MZmfVrmA&list=PLBXsJUsJ167nJ62fjSg5CgHSNyJ6rHVwx&index=13&pp=iAQB,BJJ - Half guard - YouTube,https://www.youtube.com/playlist?list=PLBXsJUsJ167nJ62fjSg5CgHSNyJ6rHVwx,https://i.ytimg.com/vi/eA9MZmfVrmA/hqdefault.jpg?sqp=-oaymwEcCNACELwBSFXyq4qpAw4IARUAAIhCGAFwAcABBg==&rs=AOn4CLBejOOqkrlnVV_Lj6SYkxqiVxIraA,BJJ Fanatics,https://www.youtube.com/@BJJ.Fanatics,2 years ago,36K views,Mon Apr 10 2023 06:32:29 GMT+1000 (Australian Eastern Standard Time)
How To Do The Perfect Jiu Jitsu Half Guard Passing by John Danaher,https://www.youtube.com/watch?v=Jz4oLDOHxLM&list=PLBXsJUsJ167nJ62fjSg5CgHSNyJ6rHVwx&index=14&pp=iAQB,BJJ - Half guard - YouTube,https://www.youtube.com/playlist?list=PLBXsJUsJ167nJ62fjSg5CgHSNyJ6rHVwx,https://i.ytimg.com/vi/Jz4oLDOHxLM/hqdefault.jpg?sqp=-oaymwEcCNACELwBSFXyq4qpAw4IARUAAIhCGAFwAcABBg==&rs=AOn4CLAno9YeN_0ox4QjpjQkZtm67SwdTQ,Bernardo Faria BJJ Fanatics,https://www.youtube.com/@BernardoFariaBJJ,2 years ago,166K views,Mon Apr 10 2023 06:32:29 GMT+1000 (Australian Eastern Standard Time)
Basic Ways to Flatten an Opponent Out by Gordon Ryan,https://www.youtube.com/watch?v=DSJJyA-2HKU&list=PLBXsJUsJ167nJ62fjSg5CgHSNyJ6rHVwx&index=15&pp=iAQB,BJJ - Half guard - YouTube,https://www.youtube.com/playlist?list=PLBXsJUsJ167nJ62fjSg5CgHSNyJ6rHVwx,https://i.ytimg.com/vi/DSJJyA-2HKU/hqdefault.jpg?sqp=-oaymwEcCNACELwBSFXyq4qpAw4IARUAAIhCGAFwAcABBg==&rs=AOn4CLDQJKg-Ap2GasZSB3yr1QmDd-kOyA,BJJ Fanatics,https://www.youtube.com/@BJJ.Fanatics,10 months ago,75K views,Mon Apr 10 2023 06:32:29 GMT+1000 (Australian Eastern Standard Time)
THIS BASIC HALF GUARD SWEEP WORKS ON HIGH LEVEL GRAPPLERS TOO | William Tackett,https://www.youtube.com/watch?v=YBG14zpN3NM&list=PLBXsJUsJ167nJ62fjSg5CgHSNyJ6rHVwx&index=16&pp=iAQB,BJJ - Half guard - YouTube,https://www.youtube.com/playlist?list=PLBXsJUsJ167nJ62fjSg5CgHSNyJ6rHVwx,https://i.ytimg.com/vi/YBG14zpN3NM/hqdefault.jpg?sqp=-oaymwE2CNACELwBSFXyq4qpAygIARUAAIhCGAFwAcABBvABAfgB_gmAAtAFigIMCAAQARhlIFAoTzAP&rs=AOn4CLDlhMgALPK_sdFq39j2oIAszUBZrQ,Jiu Jitsu X,https://www.youtube.com/@jiu_jitsu_x,8 months ago,34K views,Mon Apr 10 2023 06:32:29 GMT+1000 (Australian Eastern Standard Time)
Basic Pass to Side Control by Gordon Ryan,https://www.youtube.com/watch?v=GSWnVK7cJu4&list=PLBXsJUsJ167nJ62fjSg5CgHSNyJ6rHVwx&index=17&pp=iAQB,BJJ - Half guard - YouTube,https://www.youtube.com/playlist?list=PLBXsJUsJ167nJ62fjSg5CgHSNyJ6rHVwx,https://i.ytimg.com/vi/GSWnVK7cJu4/hqdefault.jpg?sqp=-oaymwEcCNACELwBSFXyq4qpAw4IARUAAIhCGAFwAcABBg==&rs=AOn4CLCOMa_HrFKE_cejZj2EIyqPZ1uM0Q,BJJ Fanatics,https://www.youtube.com/@BJJ.Fanatics,8 months ago,36K views,Mon Apr 10 2023 06:32:29 GMT+1000 (Australian Eastern Standard Time)
Gordon Ryanâ€™s SIMPLE way to be an ADVANCED guard passer - BJJ Analysis,https://www.youtube.com/watch?v=XGBHXO-EMk0&list=PLBXsJUsJ167nJ62fjSg5CgHSNyJ6rHVwx&index=18&pp=iAQB,BJJ - Half guard - YouTube,https://www.youtube.com/playlist?list=PLBXsJUsJ167nJ62fjSg5CgHSNyJ6rHVwx,https://i.ytimg.com/vi/XGBHXO-EMk0/hqdefault.jpg?sqp=-oaymwEcCNACELwBSFXyq4qpAw4IARUAAIhCGAFwAcABBg==&rs=AOn4CLBh9ui43z5cevYpkJQFpBQSZV9wRw,Less Impressed More Involved BJJ,https://www.youtube.com/@LIMIBJJ,4 months ago,142K views,Mon Apr 10 2023 06:32:29 GMT+1000 (Australian Eastern Standard Time)
Forcing Half Guard by Gordon Ryan,https://www.youtube.com/watch?v=WzFwzQzndX4&list=PLBXsJUsJ167nJ62fjSg5CgHSNyJ6rHVwx&index=19&pp=iAQB,BJJ - Half guard - YouTube,https://www.youtube.com/playlist?list=PLBXsJUsJ167nJ62fjSg5CgHSNyJ6rHVwx,https://i.ytimg.com/vi/WzFwzQzndX4/hqdefault.jpg?sqp=-oaymwEcCNACELwBSFXyq4qpAw4IARUAAIhCGAFwAcABBg==&rs=AOn4CLBGOCDhd5AShIfwDuxTJ4Cju0Hveg,BJJ Fanatics,https://www.youtube.com/@BJJ.Fanatics,7 months ago,22K views,Mon Apr 10 2023 06:32:29 GMT+1000 (Australian Eastern Standard Time)
Butterfly Guard Pass Using Underhook To Force Half Guard,https://www.youtube.com/watch?v=XYPRBfjewPc&list=PLBXsJUsJ167nJ62fjSg5CgHSNyJ6rHVwx&index=20&pp=iAQB,BJJ - Half guard - YouTube,https://www.youtube.com/playlist?list=PLBXsJUsJ167nJ62fjSg5CgHSNyJ6rHVwx,"data:image/png;base64,iVBORw0KGgoAAAANSUhEUgAAAUAAAAC0CAYAAADl5PURAAAAAXNSR0IArs4c6QAAGZVJREFUeF7tnWesFVUXhucANhCu4AUVW2yofFG5Fuwa1KhfjKLGEk3UxBh7J/rDmPhL/cEPS+wao7H33o0VozH23nsvWEFQ4Hx5Fq7zHYV77ylT9ux5J7m5p8zsvfa79jxn7Tq1SZMm1RMdUiBWBWpJkqiGx+rdrstV6+vry616kBH1Mf0ju5Q7szU0ezorha6SArErUBs9enRuAMxVTDEoV7lLm5nqSWldl4bhtd7e3jgBmIY6SiM8BdSkDc8nJbaoNmbMGAGwLA7UzV8WT8nOkihQeQCWkSlltLkk98PfZkrhcvmrc2srD8DOpdOVUiAyBSrIfQEwsjqs4kgBKdC6AgJg61rpTClQYQXiDA8FwApXaYoeZ7WuuFODL36Xta7Ly5vlEQCDrywyUApIgawUEACzUlbpSgEpELwCAmDwLpKBUkAKZKVASwBMscmdVTmUbpsKyKcDC9afPsXqVmzubVaxbE9PSYqWAJhtSbJIPSV1sjBNaUoBKRCMApECMBh9ZUjaCui3LW1FK51enADUTVLpSh1e4VUhw/PJQoviBGCoassuKSAFglJAAEzLHVX4ka9CGdOqD2VJp+I+FQDbrqgVrzFt66ULpEC4CgiA4fomNcuE7NSkVEKRKSAARuZQFUcKSIHWFRAAW9dKZ2rrBNWByBQQACNzqIqTowLqW8hR7Gyyih6A8+fPT4YMGZLUarVk2LBhydy5c5ORI0cmP/30k/3/448/kqWWWir59ddf7f3QoUOT2bNn22ccXK9DCkiBOBWIHoBLLrlkMm/evOTPP/80AP7111/2H7Dx+fDhw+39ggUL7I/zgOASSyxh5wJOHa6AQh7VhbgUiB6A8+fPS4YMGWqQI6qbM2dO8vvvvycrr7yyRYF8/v3331v052BcZpllDJBEi3ymQwpIgVYUKN8P5MAALF95FvESESAwA3xEc/wtv/zyySGHHGJABH533313MmvWLIsIgR4RINEfIOQzHVJACsSpQPQRICADdA4/gMb7E044wT774Ycfkosuusi8S3MY+NEUJkocMWKE+gDjrPcqVaYKlCdyih6A9XrdmrHet4ffiQqnTZtm0R2gu/TSSxt9gnwPIIkal156aYsIszjCqSLhWJKFzkpTCgykQPQAZASYP0Z7/TVN25NOOskA+O233ybXXnutQZL3nMMB+IgEGQzRIQWkQAwKLPpjnzkAi44vgBqRHP99tJf3xx13nEV5v/zyS3LllVdahMg5wBHwcQBDfx2D+1UGKSAF/qlArbe3t06Uwzy4USNHJbP/mG0gGDt2bDJz5sxk1KhR9h9o0HTkPPrKOOhfo4lJXxmvmT/HAANQ8aYkYKFJyff0rwEdQMTr5ijLv/e5ep4u/XQ//vij5b3sssta/g4pzmXwwkdtyQcbyGPMmDHJzz//nPT09Jg9fAfMSJd0jjnmGHtNet4HiE3kg82k4TaiAflwoAPX+eCIpsnolpIC5VWgNmLEiDoAoYnIzQ8Mucm5+Tm+/vprgwc3/XLLLWfn+fQQBxqRUvM8O6aU/Pbbb8lqq61moPjkk08MkpzPe6DhgxPe5OQ9hwOS/Lwfbty4cQYgQEYajOhiM/DiOwAJ8MgDO7CRvj3sBoLA3PvyyI9rjzrqKIvwuJYmsJeJfEaPHm3gZ4SYc7/44oukt7fX8iZPB7gixPJWfFkuBVCgNn78+DrAAErrr79+ssEGGyRrrrmmAQoQApRvvvkmeeihh6y/jHOBjYMGUAARAAHctttuu2T8+PEGJg5ARjqffvpp8uyzzyYffPBBIyrj+6HDhiZz58xNdtxxx2STTTaxax544AED2K677moRJZHb66+/njz88MMGRV/JQR5rrLFG0tfXZ9DyKA/biFqfeuqp5Msvv7Rr/M8BTwQIwBgFvuqqq5JVV101mTx5sqXnkR8avPfee8lLL71kPwT8QAB28qdcHGoi60aSAuVVoDZ8+PA6TcIpU6YkG2+8caPpR5EAWnMk9uCDDybvvPOOwRFAAUKiMv4TFe23334GQgBEMxlY+rQSbzK/8sorCekQrXENTVZeA85JkyYZUF544QWDGq85hyjszTffTK677jqLQrkG8O62227JhAkT7Dxs8mgSm3kN9N54443kkUceMQ8ROQJJIMggCNcByhdffNHKD+C8Wc85/ChwznfffZfceOONFoV6lMxrj5LL635ZHr8CRffCh61wbezYsXVAMnHiRLv5OWbMmGERD5EbzdhNN93UYMgNf/vtt1tUBEgccKyqOPDAA60ZCaw++ugjazbS9AWu66yzTrLeeus1mtY0OT/77DMDivcnTp061SJH+uwAFeDjjwgOW2h6AjOiTQAHwIChT2Dmu88//9yghc0bbrih2cK5jz32WPLyyy83mt+ke8oppyTz5gHNhZOeue7999+3iJAVIkSU2267remBjUSf6IImnE/ZmwdMwnazrAtVAeGpWM/UJk+eXN99990tsvERUWBAhAcEiLZWWmklAxxRFeC67bbb7HPO47r//nfXZMKEdQ0OzzzzjDV1fTKxg3KbbbZJdtppJystoLnvvvsa/X1EYQCQJqgPPjz//PPW7CYSIy2gCIBJb8stt0w222wze4/N119/vTVNsc8jTmw/4ogj7DO+u+aaa+y/R4cnn3yyvSZt8nSwk5+DjeYwPw4AkL7ECy+80MrcvMHC/92nqlxsVe4m9xx8l0MW3ShQqWubfFGbNm1afdzYscn8BQsMbERcwI3IjUEA+uC44YHkuuuua69ZOvbuu+825s4dcMABBg3gQDPVBwqAlc/Bo8l65JFHNpqpZ5xxhkVwRJakOXXqHsnEif8xIBHJ3XHHHY1+O0Dl/XtEX8cff7yBkc8AG9GmT3Px/jtgTJN66623tqiS9OhH9Mjy2GOPbewSc9NNNyU0zQEeZfaoj+iS6TI00cnvnHPOMW3IwweAKlVxvLBt3cxtnVxJOVXo4hSonXXWWXUgRbOP+XA0Y4nqOPjc+83oa9tjjz0MUE/PeDqZ8fSMxuYBwMFXWjgYAJCvvwVanENENnyZ4cmwJYbZ6gvyBFwAaosttrAIEEABYgALGLEF6DDwAJDWXnvtZP/99zf7AB/AJS8f9fWpMUCLa4hcsfnDDz9M7rzzTgM74ATGnEv/Hmn4emHS8v5CoE5kShOeMtAPSHO8zs4xf68w0XZZeVbeZpgKrHkqH2tetenTp9cBFX1kNF29X84jMyBBM5M+vIMOOsiA9dprr1nz1CFJfxiRIv1nwMV3UPHpJA5FRnUBE5HiBRdcYE1SviPC23nnnW0QBlgxSEIePseOPAEXdtAvt8MOO5gdRHSc6+n7+UAJ4PIfe8jH5yr6FJYTTzyxMQ3msssu63fbq7322ssAiI233HJL8vHHH9u5PsiieYCx3hoDlUvwjcXrtbPPPrtOlAUYaLpyQwMPAOP9bxTWJ/5y4xM1ES3+e4spQLH55pvbYAZz7wCrR1MAzHdaIY/zzjvPoiogNRAAfWI0NnI9oGRQBlAyzYW+Ql/i5nP9vLnMOb75gfcNYhO2MIhC1EqZuwMgS+cWTomp/LFYLggWla8XAQtQO/PMM+s+QRngASN/79GZTy8BGERSREGXX3659eERlfEZ8/iI4DgcRPznGp/4DBR5TR7nnnuufccxEADdFs7j2l122cVGeLGJ+YKvvvqqQc6Xu/nOzz5oAgR9IIZziHCZtuMAZHCjOwBqw9SA63eOpgn0OYq9mKw609+awACIuXDADHDw3kc7yYkozFc9EInRd8dILgeA2mijjWweHdcR1RGZ0ecGbHzOHukedthhFhl6ExhADhYBNpeU9BnUYESZg+ktDF44cH3uHkD0jQywFzt4D6h9vS8rQbBDACy22ip3KVCkAhYBAjhAQr8erx2AbhjwAIDeZOUcwELfHwdz6njPeUwV8TW+3gfHeYwC77vvvskqq6xiEJo+fXpjXt5gEaCvuiB/VqvsvffeZgsrNJ588snGhGq3ge8cdthA/gyIYBdTWgDl4YcfbtcJgEVWv/Ty7uz3P738F59SmFZlXeoypW99gBjMAMb5559v01kAg4/c+jQWPvf1sjQpeQ1IfG89RmFZJfL44483Ii4fUSUCI9o6+uijbaUIUGIDAt+BZTAA+vph7GRO4sEHH2zpMdH66quvbqxV9sEQHz0GyDSX+Rz7GDTBdsrC9BbKSbnVBC5TlZWtUiBJ7QGttdNOO60OlADavffea01XAOLTWnyAgf++U4rvloIjiMiYIwhkvvrqq+TWW281eAI971MkGmOqC6PIvrzsiiuusKZ0K6PAHpH6ROh99tnHIkma14zMss7Ym+m+5hdbmbrDRGaua56gDQR9KRw2CIC6paRANRWoTZkypc7Agm8NxVw3moUAxfvniKRYXsb8O0aAmVTszVzOY0oJB5/dcMMNNpmakVZvMjMqzHw6msHeLGYeIGkNBkCf0kL62AH0WFHCvEFAxnxBwO0DKj4vj4EOQMn0HODNahH6LX1XGnaE5hr6PQXAalZ+lVoK2Fpg+uZ8BxgGK9566y3rEwROwIv5fEw98W2vbr75ZpsQ7DuhENkBGs7nHDYuYJIyURirK1grTN+bQxNwsR6YyI2DJun2229vgylEiPfff3/y9ttvN5apkaZPyfHn+hJ1En1iL81YNlBgmR7Xr7766rZUjsiW988995xtiOBL5fjs1FNPNRgD+4svvtj6CJkSw+GTuCkP8wCJJDlYMQLcAbuPPGsidBw3kXrrAvFjzo6ojRw5sr7iiisagFjqRlTkW1gBFx9NBUBMKH7iiSdsswOHBecCP/rlAA6bFQATIjWAA2xI0z9n6gwAueeeewxyvqyMUWRWgnD+XXfdZdNbfPoNnzUvdSM9msDMOVxrrbUaz/zwjRXI23d2YaSYvkl/ALpHiqeffrp9BgAvueQS8z75+RxCviM9By3fE0VSdrfZ1xIHUnWKNSPniltsYZV7LArUenp6bENU+uzYEYaJxr6hKWADPPyx2wqjrkRAPima74Gi75DCCg2apgAOcAIKYEQ0yWgtURmgAyysOnn00UcbE6+32moriwC5hs+JQr0fkqgPMPEdwMI+4Ez+DHLwRx+j2wqYWNOLvUSFwNevJy1Afeihhxrw2IiBtc2k65O/fX9E7Nxzzz0tgqU8RKYetfrSOT0zpCS3ggCds6PKIXht3LhxdV//S6QFWOgnAy5EUYyeMlDAASS9H89HUGke+3b2HnXR/8YfzWRABJx8+yjOdYi5R4AksPEVKVzj+wBiE/YBWYBF5EkUCRwdvt6MZoSYA0iTn0/foT/S8+A/gPRpMqRPE9p3wfadYDxyBYrYRhqk61Gig08bouZ8Xyk7KdCfAh0wtzZ69Oi6D0wk9Xoy52/YcIM3QwsIAQHgxX+PAgEHoAOYHvkBF0Dly998AMO3z/LVGaTpzWS+8ye3Een5A8296esbkAJcf+aIP7jcm8jN63J9G3+/nkiP8zkAmj8nhLwcZv7cDz/Hlu6xaeusWY1nC/uKEwdf8QDswOtZ3EKBmJFF0ZRmvArYU+F8+Zuv/mju2AcKRFaAD1AABX9QElEeYFlhhRUswvKIi+sBhUdd/wadN1WBj28sgMRc1wwxnwBNvj6iDLyAa/PGqVzr/XG+g7Vf63b46K+vT/ZBFX8Wig/g+EAPafqE6ubRcJ8Q7un7xg/xVpGCSyawFuyAuLO3p8JRRF9O5k89A2b+Ggh6E9Tn9xFhzZzJw4iWt2azP/3Nn8zmTUc+Bxq+KYGvBfaHIpGPR1E+JYb3/16N4v2MNHuBIECjqUykyLm+z5+n7xurki82AG1e+8CON3VJFwj6Q53c3QCSP7oAmqM+ByX58NoHVeKuJiqdFIhTAYsAPRIDEB4NOhR9VNSbkr4KxKeBADIHDNAhOmOQgvO8qerN1uZRXV9b7Pk59HzU2eX2z3mPnRyAyZ8Ex/feB9ncHHUoAnZ/NKZDq7kJPH8+64brBtJmoDUD2PckdMh6NOpL7+KsGiqVFMhAgcAi+swfjJ6BhEpSCkgBKZCKAjkDMDD8pyJhWIlI4bD8IWvCViBnAIYthqyTAuEpkPVPWtbpZ6doGpYLgNn5p9opp1E7q62gSp+DAgsBqMqag9TKQgpIgdAUUAQYmkeCsEe/iFm4Qaq2ompaKrWWTtQAXFSC1kRpxU06RwqUSYGQa36RtkUAwCLlK9MtIFuzUkA1MCtls0+3XwDKqdmLrxykgBQoVoEIIsBiBVTuZVCgIj/nFSlmmjVOAExTTaUlBWJXIDLICoCxV1iVTwpIgX4VqDwAI/tBU1WXAhErkP7dWnkARlxbVDQp0H/kwx6a0icRAFUJpIAUqKwCGQMw/ZC1sp5SwftXQNVMtaNDBTIGYIdW6TIpIAWkQA4KCIA5iFytLBSOVcvf5S6tAFhC/wkxJXSaTA5SAQEwSLfIKCkgBfJQoPFUuDwyUx5SQApIgZAUsAejh2SQbJECUkAK5KVAra+vTwDMS+2S5kMFod9RhxToV4GSVpLapEmTMgKguup1u4SmgOpkaB4p2p5aT09PRgAsumjKPy8FSvrjn5c8yidgBQTAAJ0joAToFJmUmwJ51n8BMDe3KiMpIAXaUyB7FAqA7XlEZ0sBKRCRAgJgRM5UUaRAmgpkH391aG2KhpUMgCmWvEPtdVl5FFBtKY+virK0ZAAsRqbq3EhxlDSOUhRT16uWa3YALF0tLJ3BVaurKq8USF2B7AC4GFOFmNT9pwSlgBToQoFcAdiFnbo0VAX0q9a6Z6RV61rldGaXAJRHc/KTspECUiADBboEYAYWKclIFdCPZT6Olc7t6CwAtqOWzu1YAd2WHUunCzNUQADMUFwlXRIFROeSOCp9M/sFoOpE+mIrRSmwiAK60QqtFIoAC5VfmUuBbhQQPbtRj2tbBKCE7lZoXd+aApWqaZUqbGv+z/ssNYHzVlz5ZaqAmJKpvNEl3mIEGF25VSApIAWkQKtNYCnVlgIKQ9qSSydXRIEA7wtFgMHVvQBrSXAaySApkI4CAmA6OioVKSAFSqiAAFhCp8lkKZCrAhE3SgoAYARqRlCEXG8gZSYF2lQgr1usCYD/yjIvC9oURqdLgbgU0I1WpD8LiACLLK7ylgJSoOoKNP/kCIBVrw0qvxSosAJdA1ABfIVrj4ouBdpWICxidA3AtsuvC9JVIKz6lG7ZKpNaBE4saRHKAcCSiluZ+zeTgkbs9KCKFpQxmdSkgRINBoANN1TbH7lXAMtQmheju3ItXIFgAFi4EjJACkSrgH7h+nOtAFimSt9cj/ur06rrZfKobC1YAQGwYAcoeykgBYpTQAAsTnvlLAUGV0AR/eAadXFGQACUp7vwoy6VAlKgAwUCAmAH1mv4shPRdE3ECiiMaM+5JQdge4XV2VJACoSjQAiwFgDDqQ+yRApIgZwVEABzFlzZSQEpEI4CtZ6eUfUkqYVjkSwphwIhtF/KoVQwVspli7qiNBGgnBfMffQPQ4L1S7CGhenHqlpVGgBW1UEqtxSQAtkpIABmp234KStKCt9HIVgYcT0RAEOoYB3OZ4y4XgbhFRkRvwICYCw+Fg1j8aTKkaMC+QNQN2qO7lVWUkAKDKRA/gCUP6SAFJACgShQEAAVBgbif5khBSqtQEEArLTmKrwUkAKFKLBo4FVKACp+LKT2KFMpEJ0CpQRgJl4QVTORtbtE5ZTu9NPVgykgAA6mUFm/74AdHVxSVnUqabf8u6jbgwOgnFTJe1OFlgKFKNAyAAWmQvyz2Ezli3B8IUvKrUDLACx3MWW9FMhIAf0aZSRsPsn2C0D5NR8HKBcpIAWKU0ARYHHap5KzfqhSkVGJZKFACSqnAJiF43NLswQ1rEmLQa0d9ITchFVGFVFAAOzE0fUkqdf0IIFOpNM1UiAkBQTAkLwhW6SAFMhVAQEwV7mVmRSQAmkr0E3PSYkB2E2x03aB0pMCUqCMCpQYgGWUWzZLASkQkgLRA1BxYkjVTbYEoYBuioYbogdgEBVORkgBKRCkAgJgkG6RUVJACjQUyDBijRKAGeqlWukKSGTVhQgUyBaAukkiqCIqghSIV4FsARivbiqZFJACESggAA7gRAWwEdTwVooQsqOzsC2LNFvROcBzBMAAnSKTpIAUyEcBATAfnZWLFJACASqQDwAVcgfoepkkBaRAPgCUzoMroB+JwTXSGVIgZQUEwJQFVXJSIHQF8vmtzSeXbrUOFoBpyZdWOt0Kndn10RcwM+WUsBRIggWgfCMFpEDxCsT++yoAFl/HZEHMCsROkJL7rkAA5lAzcsii5P6X+QMpoPoTff0oEIDRa6sCSgEpELgCAmDgDpJ5UkAKZKeAAJidtkq5PwXUtFTdCEQBATAQR8gMKSAF8ldAABxQc4Uq+VdJ5SgF8lNAAMxP635yShey6aZWuDjBGiCdg3VNW4YVBkBVoLb8pJOlgBTIQIHCAJhBWZSkFAhGAf3AB+OKAQ0RAMvhpzat1O23qGCRaRJZcRr+yrlcAmCbaNHpUkAKxKOAAJiZL3P+KcusHCknLFlSFlTJdaNASQG48C7SvdSN63WtFJACJQWgHCcFQlFAP8OheKITOwTATlTTNVKgigpEyHoBsIoVWWWuhgIRAittx7UBQKmZtvhKTwpIgWIVaAOAxRradu7idduS6QIpUDUFggJg2ZlVdvurVvlVXikQFADTcYcwlI6OSqWqClTpDooQgFWttv8sd5UqsTwuBTpV4H+xa/udEulTdAAAAABJRU5ErkJggg==",Giancarlo Bodoni,https://www.youtube.com/@giancarlobodonibjj,3 years ago,1.2K views,Mon Apr 10 2023 06:32:29 GMT+1000 (Australian Eastern Standard Time)
Focusing on Slow Tight Pressure Passing from Half Guard Top (BJJ Rolling),https://www.youtube.com/watch?v=-GHPd1XdjQk&list=PLBXsJUsJ167nJ62fjSg5CgHSNyJ6rHVwx&index=21&pp=iAQB,BJJ - Half guard - YouTube,https://www.youtube.com/playlist?list=PLBXsJUsJ167nJ62fjSg5CgHSNyJ6rHVwx,https://i.ytimg.com/vi/-GHPd1XdjQk/hqdefault.jpg?sqp=-oaymwEcCNACELwBSFXyq4qpAw4IARUAAIhCGAFwAcABBg==&rs=AOn4CLAk7ZhrFAnxqx7gm2GatSIprrJGDg,Chewjitsu,https://www.youtube.com/@Chewjitsu,4 months ago,13K views,Mon Apr 10 2023 06:32:29 GMT+1000 (Australian Eastern Standard Time)
Forcing Half Guard Against Butterfly Guard,https://www.youtube.com/watch?v=gtT3vA-NEz4&list=PLBXsJUsJ167nJ62fjSg5CgHSNyJ6rHVwx&index=22&pp=iAQB,BJJ - Half guard - YouTube,https://www.youtube.com/playlist?list=PLBXsJUsJ167nJ62fjSg5CgHSNyJ6rHVwx,https://i.ytimg.com/vi/gtT3vA-NEz4/hqdefault.jpg?sqp=-oaymwEcCNACELwBSFXyq4qpAw4IARUAAIhCGAFwAcABBg==&rs=AOn4CLDGqTqgQ6JL1PqcoRDQYSoMGq9pWw,Aaron Benzrihem bjj,https://www.youtube.com/@aaronbenzrihembjj6014,3 years ago,1.1K views,Mon Apr 10 2023 06:32:29 GMT+1000 (Australian Eastern Standard Time)
Effective Strategy for Passing a Long Legged Open Guard,https://www.youtube.com/watch?v=YM5-20nu0eM&list=PLBXsJUsJ167nJ62fjSg5CgHSNyJ6rHVwx&index=23&pp=iAQB,BJJ - Half guard - YouTube,https://www.youtube.com/playlist?list=PLBXsJUsJ167nJ62fjSg5CgHSNyJ6rHVwx,https://i.ytimg.com/vi/YM5-20nu0eM/hqdefault.jpg?sqp=-oaymwEcCNACELwBSFXyq4qpAw4IARUAAIhCGAFwAcABBg==&rs=AOn4CLDGkV9Aok1woW815rBF27tR9ra_qg,Chewjitsu,https://www.youtube.com/@Chewjitsu,4 years ago,20K views,Mon Apr 10 2023 06:32:29 GMT+1000 (Australian Eastern Standard Time)
Slow Down Young Athletic Opponents with This Guard Passing Position,https://www.youtube.com/watch?v=p7SO0tRyeXw&list=PLBXsJUsJ167nJ62fjSg5CgHSNyJ6rHVwx&index=24&pp=iAQB,BJJ - Half guard - YouTube,https://www.youtube.com/playlist?list=PLBXsJUsJ167nJ62fjSg5CgHSNyJ6rHVwx,https://i.ytimg.com/vi/p7SO0tRyeXw/hqdefault.jpg?sqp=-oaymwEcCNACELwBSFXyq4qpAw4IARUAAIhCGAFwAcABBg==&rs=AOn4CLAQIuUjLE0c8v3hHVZhckQT9BRjtA,Chewjitsu,https://www.youtube.com/@Chewjitsu,2 months ago,76K views,Mon Apr 10 2023 06:32:29 GMT+1000 (Australian Eastern Standard Time)
KILL The Knee Shield and ATTACK From It,https://www.youtube.com/watch?v=gj1izPERPqg&list=PLBXsJUsJ167nJ62fjSg5CgHSNyJ6rHVwx&index=25&pp=iAQB,BJJ - Half guard - YouTube,https://www.youtube.com/playlist?list=PLBXsJUsJ167nJ62fjSg5CgHSNyJ6rHVwx,https://i.ytimg.com/vi/gj1izPERPqg/hqdefault.jpg?sqp=-oaymwEcCNACELwBSFXyq4qpAw4IARUAAIhCGAFwAcABBg==&rs=AOn4CLBfk-_RviFfB-bpnmkTT_SrHWBtbw,The Porrada Podcast,https://www.youtube.com/@theporradapodcast,1 month ago,9.5K views,Mon Apr 10 2023 06:32:29 GMT+1000 (Australian Eastern Standard Time)
How to Force the Half Guard and Pass,https://www.youtube.com/watch?v=7Q23whUc6jc&list=PLBXsJUsJ167nJ62fjSg5CgHSNyJ6rHVwx&index=26&pp=iAQB,BJJ - Half guard - YouTube,https://www.youtube.com/playlist?list=PLBXsJUsJ167nJ62fjSg5CgHSNyJ6rHVwx,https://i.ytimg.com/vi/7Q23whUc6jc/hqdefault.jpg?sqp=-oaymwEcCNACELwBSFXyq4qpAw4IARUAAIhCGAFwAcABBg==&rs=AOn4CLCroglKWU6_imQvlpZTp3jTYDuKCg,JonThomasBJJ,https://www.youtube.com/@JonThomasBJJ,3 years ago,7.3K views,Mon Apr 10 2023 06:32:29 GMT+1000 (Australian Eastern Standard Time)
How To Pass Half Guard | BJJ Fundamentals,https://www.youtube.com/watch?v=GYq1cv9mCdg&list=PLBXsJUsJ167nJ62fjSg5CgHSNyJ6rHVwx&index=27&pp=iAQB,BJJ - Half guard - YouTube,https://www.youtube.com/playlist?list=PLBXsJUsJ167nJ62fjSg5CgHSNyJ6rHVwx,https://i.ytimg.com/vi/GYq1cv9mCdg/hqdefault.jpg?sqp=-oaymwEcCNACELwBSFXyq4qpAw4IARUAAIhCGAFwAcABBg==&rs=AOn4CLBbcvymqFpKFTHRpJDZZ-uT0Dsrcg,Jordan Teaches Jiujitsu,https://www.youtube.com/@JordanTeachesJiujitsu,1 year ago,95K views,Mon Apr 10 2023 06:32:29 GMT+1000 (Australian Eastern Standard Time)
4 Ways to PASS an ANNOYING Knee Shield Half Guard!!,https://www.youtube.com/watch?v=atIixTkbQGE&list=PLBXsJUsJ167nJ62fjSg5CgHSNyJ6rHVwx&index=28&pp=iAQB,BJJ - Half guard - YouTube,https://www.youtube.com/playlist?list=PLBXsJUsJ167nJ62fjSg5CgHSNyJ6rHVwx,https://i.ytimg.com/vi/atIixTkbQGE/hqdefault.jpg?sqp=-oaymwEcCNACELwBSFXyq4qpAw4IARUAAIhCGAFwAcABBg==&rs=AOn4CLBszWGjYLI6Jx-kwhftM57nfTOueg,TeachMeGrappling Coach Brian,https://www.youtube.com/@TeachMeGrappling,3 years ago,40K views,Mon Apr 10 2023 06:32:29 GMT+1000 (Australian Eastern Standard Time)
"Tripod Guard Passing for Gi and No Gi Jiu-Jitsu, with Rob Biernacki",https://www.youtube.com/watch?v=In8n39Wuc6c&list=PLBXsJUsJ167nJ62fjSg5CgHSNyJ6rHVwx&index=29&pp=iAQB,BJJ - Half guard - YouTube,https://www.youtube.com/playlist?list=PLBXsJUsJ167nJ62fjSg5CgHSNyJ6rHVwx,https://i.ytimg.com/vi/In8n39Wuc6c/hqdefault.jpg?sqp=-oaymwEcCNACELwBSFXyq4qpAw4IARUAAIhCGAFwAcABBg==&rs=AOn4CLCHPYx4mCCY4ohVwAlC5qVv2UIeBQ,Stephan Kesting,https://www.youtube.com/@StephanKesting,6 months ago,7.8K views,Mon Apr 10 2023 06:32:29 GMT+1000 (Australian Eastern Standard Time)
Fabio Gurgel's Best Positional Secrets for Half Guard Passing,https://www.youtube.com/watch?v=YbFehkqZY9c&list=PLBXsJUsJ167nJ62fjSg5CgHSNyJ6rHVwx&index=30&pp=iAQB,BJJ - Half guard - YouTube,https://www.youtube.com/playlist?list=PLBXsJUsJ167nJ62fjSg5CgHSNyJ6rHVwx,"data:image/png;base64,iVBORw0KGgoAAAANSUhEUgAAAUAAAAC0CAYAAADl5PURAAAAAXNSR0IArs4c6QAAIABJREFUeF7svQeUZFd5LvqdqjqVq3P3TE9QGOUASASBMOGCMeFxyTI4wn1evjYYk6+5Bqf13n0C+2FfYxsbE5Yf2MY2BgM2YBNsBCYLCRCgxGhy6pwqp3Pe+v5//6dOz4zEDBqNenpOrdWru6tOnb3Pv/f+9vfH7V133XUhklcigUQCiQTOQwl4119/fQKA5+HAJ4+cSCCRAOCNjo4mAJjMhEQCiQTOSwl4ExMTZwgAPQBn6Fbn5VCc3kMn0j49eSVXJxI4mQS8sbGxBLWSuXFSCSQgm0yMzS6BcwQAk6W42SfiGXu+h3qqPNT3P2OCSG50KhI4RwDQPUoy+U5lTJNrEgkkEjhFCZxbAHiKD3X2LlNETnD57Ek8aSmRwJmUwEMPgAk6nMnxSu6VSCCRwBmUwEMPgGews8mtEgkkEjhfJHB2mFMCgOfLfDqt5zw7k++0upRcnEjgIZBAAoAPgVCTWyYSOK8kcA7vlwkAnlczNXnYjSmBcxhBNqZAT7lXCQCesqiSCxMJJBLYbBJIAHCzjWjyPIkEEgmcsgQSADxlUSUXJhJIJLDZJHBuA+AGNJ1swC5ttjmbPE8igTMmgXMbAM+YGJIbJRI4yxI4yzvlAzd3ljtzlkX9QM0lALiBBiPpyqlJ4Pxdrqcmn+SqU5dAAoCnLqvkyh8hgQSYztEpch4PXAKA5+icTbq9wSQQgch5jCYbbEhOpTsJAJ6KlJJrEgkkEtiUEkgAcFMOa/JQiQQSCZyKBBIAPBUpJddsagk8XErrw9Xuph7M03y4TQ+A/X4fqVQKnuchk8mg3W6jUqlgeXlZfjebTeRyOaytrcn/6XQajUZD3uOL309eG1ECCXxsxFE51/q06QEwm82i1+uh0+kIAHa7XflNYOP7xWJR/g+CQH54HUHQ9325lsCZvBIJPPQSeBgB/WFs+qGX6wO3sOkB0BggQY6srtVqoVarYfv27cIC+f78/LywPwPGQqEgAEm2yPceitd5POceCnFurHsmg7uxxuMBerPpAZAMkGBG4COb48/4+Dhe8YpXCCAS/P7lX/4F9XpdGCFBjwyQ7I9AyPeS15mRQIILZ0aOD/ouyUBEItz0AEggI9AZ+BHQ+P/rXvc6eW9hYQF/8Rd/IQKhOkzwoypMllgqlRIb4INebckNEglsXAlseAB8sJtVGIaixpptj0NBVvimN71J2B2B7j3veU9kE+TnBEiyxnw+L4wweSUSSCRwuhJ4sCv3dNv78a7f8AD44z3W4Fv0APOH3l77m6rtG97wBgHA2dlZ/O3f/q2AJP/nNXwR+MgE6Qw51de5MeSn+jTJdYkENr8ENj0AEtTI5PjbvL38/zWveY2wvNXVVfzVX/2VMEReQ3Ak8PFFMLS/T28qJFB4evJKrk4k8PBIwJuYmAjJchgHNzQ0JDFwBILJyUksLS3Je/xN0KDqyOtoK+OL9jWqmLSV8W9+lw4GgoqpkgQWqpT8nPY1gg6BiH/HWZZ9brF6dl/a6RYXF6Xtcrks7RtI8Vo6L8xry3bYB7YxNjaGlZUVDA+PYHV1RfpAMON9eZ9Xv/rV8jfvZzZA9ontsM+8h/WRMmA7fFEO/J45R5IwmYdn4p69VpPN7OzJ+uy35JVKpZAAQhWRi59gyEXOxc/XsWPHBDy46EdGRuQ6Cw8xQCNTisfZMaSkWq3iggsuEKDYv3+/gCSv5/8EDXNOmMrJ//kygGR7ZoebmpoSACKw8h706LLPBC9+RoAk4LEN9oN9pG2P/SYIEszNlsf2+N1XvepVwvD4XarA9kxsZ3R0VICfHmJee/jwYUxMTEjbbNMA/MdniGd/oM9OiwlYnB05318rifxPV/7etm3bQgIGQemqq67CIx7xCOzatUsAikBIQJmZmcFnP/tZsZfxWoKNAQ2BgiBCgCC4PeUpT8G2bdsEmPgikPE+Bw4cwNe//nXcd999GB4ejliisayf/MmfxGMe8xj5zr/9278JgD372c8WRknm9v3vfx+f+9znBBQtk4NtXHzxxbj++usFtIzlsW9krf/5n/+JI0eOyHfsxwCeDJAARi/wBz7wAezcuRM33HCD3M/6RBn88Ic/xLe//W3ZCLhBENjZPp+Lrx9PRT7dYUquP7kEzs6CPzutnOdj/DAJ2SsWiyFVwqc97Wl49KMfHal+HA4CWpyJfeYzn8E999wj4EiAIhCSlfE3WdFLX/pSAUICENVkgqWFlZjK/N3vfhe8D9kav0OVlX8TOK+77joBlNtuu01AjX/zGrKwO++8Ex/60IeEhfI7BN7nPve5uPzyy+U69snYJPvMvwl6P/jBD/D5z39eZheZI0GSIEgnCL9HoLz99tvl+QlwptbzGm4KQRhgbnYO//AP/yAs1Fgy/zaWfJ5P3eTxEwmctgQeJrw7oZ/e5ORkSCC5+uqrZfHz9ZWvfEUYD5kb1djHPvaxAoZc8B/72MeEFRFIDOCYVfFzP/dzokYSrPbu3StqI1Vfgutll12GK6+8MlKtqXIePHhQAMXsiS94wQuEOZIdEqgIfPwhg2NfqHoSzMg2CXAEMIKhBTDzs0OHDglosc+PfOQjpS+89gtf+AK+853vROo37/sbv/EbkdfXUt52794tjJAZImSUT37yk0Ue7CPZJ+VCmfB6PnvcYXLaMyD5woaSwEZZkBtKKOdBZ7wbbrghfN7znifMxjyiBBEyPIIA2db09LQAHFkVgeuf/umf5H1ex+895znPxuWXXyHg8NWvflVUXQsmNqB80pOehGc84xkiUgLNpz/96cjeRxZGAKQKas6HW2+9VdRuMjHei6BIAOb9brzxRjzucY+T/9nnv/u7vxPVlP0zxsm+/+qv/qq8x8/+5m/+Rn4bO3zjG98of/PebNOAne0ZsFEd5uZAAKQt8c///M/lmeMFFs6DOZI84qaQQALxJxtG701velNIJwGBgMBGxkVwI3OjE4A2OC54guQVV1whfzN17N57741i5372Z39WQIPgQDXVHAUEK4vBo8r6yle+MlJTf+/3fk8YHJkl7/mCFzwfV199jfSDTO7jH/94ZLcjUJl9j+zrta99rQAj3yOwkW1amIvZ7wjGVKl/4id+Qlgl70c7ojHLX//1X4+qxHz4wx8GVXMCHp/ZWB/ZJcNlqKKzvT/+4z8W2bANcwBtirWRPEQigfNUAt7b3va2kCBFtY/xcFRjyer44vtmN6Ot7fnPf74A1Je//GVRB614AMHBMi0MGAhAln9L0OI1ZGRWfYXZF2yTwEWAesITniAMkPckEBNgCYzsC0GHjgcC0qWXXoqXvexl0j8CHwGXbZnX10JjCFr8Dpkr+7xnzx584hOfEGAncBKMee3c3Jzcw/KFeS+zFxLUyUypwvMZaAekOm7hNPb8G2buJJv8hhmKpCPnhgS8d7zjHSGBijYyqq5mlzNmxkVONZM2vF/8xV8UwPre974n6qmBJO1hZIq0nxFcrIKKhZMYKNKrS2AiU3zXu94lKik/I8N75jOfKU4YggudJGzDYuzYJoGL/aBd7ulPf7r0g4yO19r97XqCGQGXv9kftmOxihbC8vrXvz4Kg3nve997v2WvXvSiFwkAso8f+chHsG/fPrnWnCxJHOC5MdHPZi+TfehsSvvBteW9/e1vD8myCAxUXbmgCR4EGLO/sQkL/OXCJ2siWzy+xBSB4vGPf7w4M6hWE1iNTRHArNIK2/iTP/kTYVUEqQcCQAuMZh/5fQIlnTIESoa50FZoKW4W62fqMq+x4gdmG2Sf2Bc6Ucha+cxnDgAfoqn/EN32wU2d5NuJBM59CXg333xzaAHKBDyCkf1v7MzCSwgYZFJkQe973/vEhkdWxvcYx0cGx5cBEX/zOxb4TFDk32zjne98p3zG1wMBoPWF1/G7z3rWs8TDyz4xXvCOO+4QkLN0N6v8bE4TgqA5YngNGS7DdgwA6dw4cwB47k+I5AkSCZxPEhAVmADEWDiCGYGD/5u3k8IgC7OsBzIx2u7oyeWLAPWoRz1K4uj4PbI6MjPa3OqNOhp1jdnjfX/5l39ZmKGpwATIftBHGDywCmwDwvvTqUGPMl8Mb6HzwgDXYvcIiFbIgP0l6PF/ArXl+zIThP1YD4AnUq0fTwVOKFsigfMJRs7dZxUGSIAjkNCux78NAO2xCB4EQFNZeQ2BhbY/vhhTx/95HUNFLMfXbHC8jiD40z/909ixY4eA0Dve8Y4oLu9HMUDLumD7zFZ58YtfLH1hhsaXvvSlKKDa+sDPDOzYB7ZPhwj7RScMgfJXfuVX5HsJAzx3J++JPU9gdzON5tl4FrEBsiE6MP70T/9UwlkIDOa5tTAWvm/5slQp+TeBxGrr0QvLLJFbbrklYlzmUSUDI9v6tV/7NckUISixAIFVYPlRAGj5w+wnYxJf/vKXy/0YaP3BD34wylU2Z4h5jwnIVJf5PvtHpwn7zmdheAufk8+dqMBnY6olbSQS2HgS8N761reGBCUC2qc+9SlRXQkgFtZiDgb+tkopVi2Fj0NGxhhBgszRo0fx0Y9+VMCToGc2RbIxhrrQiyzpZUGA97///aJKn4oX2BipBULfdNNNwiQZHkPPLPOMTU23nF/2laE7DGTm9+IB2gRBS4VjHxIA3HgTM+nRwyGBM8Wgz9R9HnoZeE972tNCOhasNBRj3agWWoybZUswvYzxd/QAM6jY1Fxex5ASvvje3//930swNT2tpjLTK8x4OqrBphYzDpD3+lEAaCEtvD+Bk6DHjBLGDRLIGC9I4DaHCq/ni44OAiXDcwjezBah3dKq0rAiNL9Du+d5CYAPMEfPnen70C+QpIXNLQHJBaZtzirA0Flx1113iU2Q4ETwYjwfQ0+s7NU//uM/RgHBFA+ZHYGG1/MaFi5gkDJZGLMrmCtM25uBJoGL+cBkbnxRJX3qU58qzhQyxH/913/F3XffHaWp8Z4WkmPn+pJ1kn2yv1RjWUCBaXr8/oUXXiipcmS2/P8b3/iGFESwVDm+9+Y3v1nAmGD/7ne/W2yEDInhy4K4+Tx0gpBJ8sWMEYI7gd08zwa4pzRNThFZTvGyU2oyuSiRQCKB+5eAV6lUwq1btwoAMdWNrMhKWBFczJtKAKquVfHFL31Rih0YWPBagh/tcgQcFisgmJCpEXAINrynvc/QGQLIJz/5SQE5SyujF5mZILz+n//5nyW8xcJv+F481Y33owrMmMNLLrkkOvPDCiuwbavsQk8xbZN2ALoxxd/+7d+W9wiAf/mXfykSYnsWQ8jPeD8DWn5OFslntz4bO04m2ClKIEH2UxRUctmpS+DBTSpveHhYCqLSZseKMAw0toKmBDYCD39YbYVeVzIgC4rm58yysAopzNCgakqAI3ASKAhGZJP01pKVEegILMw6+fd///co8PqJT3yiMEB+h++ThZodkqyPwMTPCFjsH8GZ7dPJwR/aGK2vBCbm9LK/ZIUEX/s+70Wg/qVf+iUBPBZiYG4z72vB31Yfkf184QtfKAyWz0NmaqzVUudO58yQUx/U5MpEAmdZAg8OR85yZ89cc97U1FRo+b9kWgQW2skILmRR9J7SUcAXQdLseOZBpXps5eyNddH+xh/mzRKICE5WPorXGojZYxAkCTaWkcLvWB1A9on9I8gSsMg8ySIJjga+pkbTQ8wXQZrtWfgO7ZHWBn8TIC1MhvenCm1VsK0SjDFXgiL7xnvwvsYSDfg2VEHU83QSn7nlkNwpksB5Mpe80dHR0BwTBAYDGy7wOGjxfYIAwYu/jQUSOAh0BExjfgQXApWlv1GoBAorn2XZGbynqcn8zE5uI9OzA81N9bUCpARcO3PEDi43FTmel2tl/O37ZHq8ni8CGu9hrNDAzM79sGviZfLtbGHLODHg21AAuBnW73my8DbDUG2GZ/DGxsdCZmIQdCz7I27YJyiQWRH4CBQEBTsoiSyPwLJlyxZhWMa47CwPY13HA52pqtam2fr4vTiIWQA02zWPMsGL4BovnMqBMHucVbC27xKwrOo027P8ZHOq2Fko5sAxRw/vaQHVlq8cDwi3+1vhh80wGZJnOB0JJEh9OtLaqNfKqXDsnKWT2alnXOz2N0HQVFCL7yMjIvgRBAkqdvqbncxmqiPfJ6hYUQLLBbZDkdiOsSgLibFyU3EwNDsj1V6CIFkmVWUyRYKR1fmz+1thVbbLPhC0+bc5dkzV5X0Jgnaokw0UAZI/NAHEWZ8BJdvh3+ZU2agDvJH6lUDGRhqNpC+UgJwLbEyMAGHFEAwUzStqqqRlgVgYCIHMAIagQ3ZGJwWvM1XV1Na4V9dyi609Az3zOtvw2Pv8n/3ki8BkJ8Hxc7NBxtVRA0UCux3CZKAVV4HZZ36PQBoHtHg6oNUkNJA1Nmqpd8lUSiTw8Eog2Vp+XPlv+oPRf1zBJN9LJJBIYPNLIAHAzT/GG+wJE7aywQbkvO5OAoAbcfgTjNiIo5L0aRNKIAHATTioySMlEkgkcGoSSADw1OR0hq86zyneKT7+KV52hscmud1DI4GNOZoJAD40o53cNZFAIoFzQAJnHQA35j5wDoxU0sVEAokEzrgEzjoAnvEnOAM3TED5DAgxuUUigXNQAgkAnoODdl52+YzvUnrDM37b83Jwzt2HTgDwXBu7ZMVuwBFLBmUDDsopdSkBwFMSU3JRIoFEAptRAqcEgMn+thmHfhM+UzJRN+Gg3s8jPcixtq+fEgCek1J9kAI6J5856fTmkkAyh099PH9MWW1eADx10SVXJhLYuBL4MRf2xn2gjdWzBAA31nicc71JfKnn3JBtgg6fuV0hAcBNMB2SR0gkkEggJoHTwMcEAJOZk0ggkcB5K4EEAM/q0J/G1nRW+3WWGjvPH/8sSTlp5jQkkADgaQgrufR4CSSIlsyJc1sCCQCe8fFLQOGMi/RcvGEyDc6JUYtOhTsneruhO5nM+A09PEnnEgmcRAJyMHoimUQCiQQSCZyWBIga3PPP8Zd3/fXXbzwA3CTCPcfnRtL9h10C5+5COFd67l133XUbDwAf9omXdOCclEBihTgnh+3h7LQ3PDycAODDOQJnvO2Ha+99uNo94wJMbngeSeBEANyw83jDduw8mi7JoyYS2FwSSBjg5hrPzfU0yZ63ucZzAz5NAoAbcFCSLiUSSCRwdiSwcQAw2e3PzognrSQSSCQQSWDjAGAyKIkEEgkkEjjLEngQALgRKNuD78ODv8NZHrHTau7BPN2D+e5pdTK5OJHAwyaBBwGAD1ufo4aTJfrwj8HJepCMy8Ycl6RXJ0rgrAJgsjCSKZhIIJHARpLAWQXAjfTgSV8SCayXQLI9n48zIgHA83HUk2dOJJBIQCSQAGAyERIJPFQSSEjlQyXZM3bfBADPmCiTGz20EnhgNEmw5qGV/ma9+6YHwGRhbNapexaeK5k8Z0HID1ETpzh2mx4AHyLxJrdNJHD2JHCKi1k7dFoXn71n2KAteSPDI1E5LP3jfsq8eiraU3sN7hGeUtlY74R7S1se76P3sr55sU4MrnG9Cq1d+87gf712MEVOfI5BW+vbXH9lXEbxnp2aXI6XYOiaij8//44/t/19sv7pe3EZn16RXravfRr0zJO3eNdU2EcKHaTDDtJoI4UuUgjghbwm7QQaRt+l+FXO7m72eFEPra3jZ9r6Zxv0xf462cy04n+nPivvf4xMjjZJ4vPnZBJd36/B8+q167/B0Ylfb//be+7ZQ/e/fPlECWjfPb035a+/ELjGUm4ovTAl0g68NAKk5XeINCDjlXLzxcbJzZ1o3Zy4+qW30bpxcolhQTTmxz957BqdDiefmQ/wkRuuH1XkMS7HB1qFJy7+NDoqx5ODAfFHBTboO//me/ZZqBgl/1PQ/JgD4AbL00Vi7/Oz6Pv8m0Pi6ecUtH1XrpPPZRnKvfV/XVspj++l5Hq+b4CRTqWRTmW0L2GIIATanT6yuZz8sJ0+J5rMOX2udEongbWj33f39Hh9AM89pLTHa2VGcBKGAEEiNrZhMJCml/LQanUQ2Jte6K5VCfF9XhMtkVRa5OOlM/BSPlLpDEIvLc+TSvsqB05+LwU+K1JpdL2MfsfzkEmlor5QrvFX9AyUtS02Lo2Mh1a3gzDlIZvx0Wx1UcnmELTbCJqrmCz2cfNbfxWj5T6Giyl0GjV4/RC9toegF6LdbctPv9/H0soyZuZnMTs/h2w2i0dcey3y2SyCfg+dVguFYh6jo6MYGR1Bq9VEPpdDvVZH0A/Q4z17fZFrsVxCsViU8QqCHrrdDrqdDsIgkNmaSqWQSfvwMxn4uQxy+ay0x896/R563S5arRZa7bb8zVc6k0HW95HhTzqDjJ9xv30cPnwE73//+/G5z34WtWoD1z/2BjzucY/HvT/cjX37DmBufgH5fB7ZrI92u4VOu41mo443/+ab8cSfeKLca3bmGN7znvfgW9+8Fddccy2uvupq/O1ffxCXX34p3vKWt+CRj3yEzJV0JoV+r0uIQhCE6Pc4YXQZcoxSKfeT5vz2ZL5y3nG2ccxTBLZeX2TmpbklcQ6lgHYPYbcv86PdCdCiKDMFLKw08ZKX/Qr6nQw8ZAEvg1Q2gzDtod1oI5UrIeC1QYhUOrUODVLpNPoB20kDGc5FLtgUsqUCRkeHUB4qI5XzHQgP6IDghiwKD5k056+HFDhnB2ve5iYB3AA2CCmPvrTJ71He+VweQUBZ6cKyeSzrW67jeuQmzPWsa1qviS9KD7w35cf7wrVT8uonA0C3uO0mEcIZ8NnObwzNDUDInYKL01OwUmnBy2QGgMmBJLjYPUMgnVbg5HvyECkFQhDE5IH4uX6PD6ULWyeDtJPiTsfpwbYVAGWSBEA/CME15edyMvEDA9sYAPJ2CkAOaPjbARGFFng6MUX4DmzDUPsi3+Ln7IHbGBRb3PWeh063hzAM5EdnFyf0YN/RZ9c+yHOkM1ytAoAhnyXtJq0AM2VJGbCvlCN5WRp9J3fKRqCcz+lA7gQgdPjPZ2OrffSBVAj2joDb6wRIc9I3m/Dba3jG9TvwG792E4LGIZSzXWSCDvqy2HxZOL1eB41WXcCm0WphtV7F0WNHMTs7K3K76vIrcMHOnbL4G/U6xsZHMb1tGqVyCcuLi+h1e+j1CICBAqCXQqlcQaFUlPnc73fRJcB2uwj6fc5dXUwEsXQKfi6NbC6LXDar84aLIQzR7SkQVmu1aPFkMlwAGQFDgifnRL8fIJvN447vfQ/v+rM/w+HDR1Gt1jG97QI85b88Hc1WB3fdfTca9QZe+9rXoNfv4u0334wjhw8hnfZw08tuwv/x3OeiXC5jYX4BX7zli9i2dRqHDh7E5z/zr3j+C16AF77wBdg2vQXdTguZDOd3CD/DTRrodvq6obmFSwDUDZqLmqDEzU9BhMw7RTbHnT0IkMqk0dP1DLS66DY7Aqj9MI1uOofAL6HezeB/3fwu/PtnvoWMP4xMtoB2uwdkPXjZLEL4CLhHHAeA0l4mLU0Z8IGbRzGP0lAJlUoJfj6LgIAu091t5AZAQlB0rRK+SVoIgHJfYbG6TAIH8um0fk7w63JO9PvS9lCxpN9xc9rmtYAq141bV4Y9svzkA12D3GQ41pRxp9sVApWXTTCNUrh8PAAacmqDAgTuJf2NGKGC4TpElgdX4DKwkL74WQUL974yNgMJBTRjiELn14GfApy1G4EgRSpAmUYq46NvoBNSiASJFMKAqM9x9eBns8iQiTiwEQFFoOYJWPJeHpQ9KptV6i8KnrA0XsM3DIwpA7LMvuza8gq1zQFQu7fDQHZs95+R4HWyVfBPIRRQz8BL+7JbizzJAFOOAXIByIRIIfBS6KdEKR1MLJnLKmFOlrRNOAe+1qg8MwGQu2gmhY7ssDpRe80W0u0Wsu1VvOqlT8EvvOjJWDjyPRQzbVTyGXQaLaSCnC62fgvNVgMrq2tYq9ewtLIqDPDYsRkcO3IUXhDiogsvwsUXXYwdO3dgcnICE5MTGB8fR71Rw+raqk54uRc3hzSK5TKKpaLItR90hTERAMkyhfkQCNwCy/gp5As5YWic1AIYlEnA+/VRr9eFPRIQ+R4/44LI5XPIZCjTFFKpNNrtLv7of/8RPveZz6BcGUW3JzsCrrr6Wlx66WXYvn07tm/fhgsu2IkvffEW/Ms/fwJ7992Hqa1TGBsfx86dO3Hdo67H5ZddLn37o3f8v6hV1/Ca17wGl16yS5gKATCbTcP308jlfNlCez1usIR0Dr8jEG6sQm6uKU8AO821xfEkBHLz6/XQ7XXRAzWQNLLcCDt9tDsd9LwMOhkfbS+HfrqMb952D/7g9/8/zB6pI50pC5vre4HO6UyWe5MAkq551V3J+vgjTIuThptHMY/yUAnlSgnZfBZhOoWAsnbqrhEEYaxOs3EoIeDGtU4wVIxSHDAGKBqMA3qOVavNMevDzyjTzwqI6cbO+c17ifbmtCuuVfncANC1wfc4x81swNblXiGQac0ZADrGYrRRgEzROoZ0Th12ABf/zFFbY36mKoqaSkYjNMsxQ6fuGkvihHXYIQDAxczfxsJU9R0wQLknJ4zQ7JQDQAfcxwEggZHAIgDoGKD0hYPsQIsDM1CByR4VdAZqqYKgAK5tAKqQyCP1wYmkk1ggRWaLMVUdFC68MFBmorPLTTZ5cCfh2LOTARL8TP1VACQbzAgbjoCWEyBNBqyLx15si5NksJ25dt0FBpCOaMi1PT4FJwWfo9NGMejCay7i/37ty3DjdTtRXdiNfKqBYjaFfruDsEe2yJ26iU6vjeWVVays1XD4yFHMzM5hba2GA/sO4N4778JKrY1rL7sUT3jijdi+cweuf/SjcclllyDjp3Ho0H5RW8kmZfPw0sgXiiiWiyBjowocBgS+HvoEsX6AkEApoK/7Qz6fRaFQhJ/1hRmaLHgtZd/pdNBsNoQBcAy4qMga+ZuvQrEE38/iq1/7Gt75znfiwIFDKJWG0Wyjw0t4AAAgAElEQVR30W53MLVlKx7/hCeIyr592zQuvPACGbg9e/dg245t+PjH/wlf/MItuOzyy/E/3vRmHNi3H3/9gb8SZviC5z8PWT+DbrslfNv3OX9D5LK+U+cJhLpZKfnzHIjr83GDTWfSspGhHyBDoPA8tGo1LC0toNVuolgoYmxoDFk/hw6BMZVCK53GWhdoo4h2r4A//qO/wec+/S2k/FFkSiUBz5AoL6YDQT9nUnKsjYSAanhGN+UMWXYxL2YMgh8/o9kEXL9Gakz7I9DxczcDla0puCsIurXiNDGFYjVtyHrkfOz3ZUNsdbrynjB2U6dj2KPTPpS1eCIAeqJhclPgJpcj46f5oMdNw0MpXJGlqCbVdTYjtfWtB0CzB5oq7BZcBH4GEAM1V9mU+56jw9Eu4eip2rkcDpjtj98z256wUL233Iu9ld3EgWt6wAC5E5IBUkUl87MFJTsoVXG3W3Hw+Lxc+LQLEbS0r07NjDFAioY7saiS7ln0mRSsaVsWAHKq+ToG6PrAAeUuRGASeBQRhrIL+cI8Vf3lB8oAHZNmP8hyI9sm2+SzRVxS1Q+nUkeWBdlaByzQJgm/ZeAnuygA30uj2e7IIhNbSr+PUipEtttAoV/Fu/7XqzFR6SEbLCEdVBF2G7IQ+x2g06EFqiM2wEazLYBx8NBR7N93EMeOzuHuO+/B3LE5LDZq0tZkcQQ7L7oAL3npTXjeC5+PVqeB5aVZBP2uyF/GLICw9VKpJLY93eHJ+kKZuJzAIkd5PLITgkpGAC3rZ+U5RM11GysXIr/T6XYECM0mKHPb80R1JuNQexfwwQ9+EP/44Q8jnaHduIDqWi36nCxw165dGB8bEza7ZesUCsUClhYXccsXbkGhUMDll16OL97yBbnm5S9/BXZdfCE6nZYAIFXmIKRq3lFOEATI54s6J0TRoP2PjJQqPoGFMz9Q9kQ59HvIcM6mPCzPzePg/j1otaoolyqYHNuKYrGMHlXnXBZBKYeGl8Fqm/NpHB//2Nfwl+/6Z3j+KMJ0HmG/BxRy7IT+kHQ4mUl/CFh+Gn4+h3wxh1whDz/n02iuYOPWkLBEc5RI/5U5ptK6Zo1I6LPRhnmcfU5MOboBmKprYMmnb7W7CobOLkgQEztebNM4GQDGTT+8L1VsyptzloBP2/R4pmEAqIBgL+24sRrnoHAPE9nDSDdJpJwNL1JTRc9XoQgVjuxVqiLrsjMK7NQ+p5qa7U8GQxie3mcdAEb2BAW00AGgskIFQM6cbqDqr4AHKa/tVE79NQOzT1VTUI5tqu0tsvUJRY/ZAG2HEyKvNspeBEBOes5BEvWZak7f2F/E0ZRROsbFHdHsnwKAVG8pJ2fflEnlNgA+k76U7vcIv7KYzcHiJpOBZMzhoQCoqrhMOFX6BQDJUkQl7nZQ9ProrC7iUReO4A9/95VorxzEWLmPVK+KdmMVHgGwR4dDHz10UGs2xNnEybp//xHct3sf9u87hN337sX83IKCbki23EcxU8T1j7seb/3dt2JiYgQrS8cQ9DoK/mEK3W5fmC5tgLlcViYu1xpnjbA/MmlnmCI49oOOfCgOsHRaWCPZHNmg2vs4J3TBkGkSBKkSi42p39PPMxmUSmUZgzvu+D4+9KEP4Zvf/CbSmayoyWSBnOdkke1mS8A5DPvYecEF6Ac9YYiddgeNWh1LCwtoNRt43evfiJ/6qZ8S22er1RAWy6El+NGmKXbhIBAWqmq4qrbc2Pm3rrNQvuPL8wfoNurIhH0UfR+rCwvYc++daNSXUcwXUM6PIOPn0E+F8Io5ZMYr8MojaIYF9L0x/Pvn78Q7/vAfEXqj8ArDOg98GhBJvQmAAw1NZhfnQyaN8nBZWB9/Un4KHY45TQkcF26aFoXgNCQhJwKAiikyy5xqLXNYtDk3h6me9umIM2DUDdo2AltDlH+rQ2diKCyOP/wO108gHhyzozsYoyPJtcFxznNDCLgJdkX9Jeno9XrIdRZOBMB14Beh9cD7a6qjGf3N2yMPF3l5HZ02o37E4BQ0InXRvS/ODgEmu4fRagNR5wl24Kdg5wk7oqOAYGFqcTrly3jSudbphSgW8pE9QxibU39FNSUA0bslTg0HgM7mNtjVnPZuhtjInqmsjQBIO8ZgZzMHkLNTycJWlVSB37zequ7QpqPqnE7AvjMBCCCAXkC1i+q4KPApY3BGXjGWm5NcrxD11wGgeJqjb1k/FJDlDqKaB/KdDDWaoI90t4nVuUN49cuegVe85CexOrsbw/kesmgh7LXQo0e2D3SCPuqdJpbX1tDq9LC6WsehQ0exb99h7Nm9H0cOzmBxeUk2JraRzxTQ6NWQSWfxmte/Gje95PnotZbRadVlzAIBwEDmSC6XRzbnC0MjCGacbcrAz9RGAqC6C0w6nowpAZBqk3hvqe4K0w9kEQwAkA4IoFgq6fu9PkZGx3HLLV/E2992szhQ8nmqxz4ajYb87na7cn+O19rairA6qv/bt23D8tIiCrk8nv2c5+IVr/hv2DI1hXa7KZuK7AAhnT0d+c0Fyf6ITVNUQ3V0pN1vnSWyDQoAht02VhdmETTrGCoW0KnXcHDPPaiuzqKYL6KcHRLApk2wneoBQzlkRyeRLm9BLzWBD33oS/j7j3wDPW8c2bFptDkfez1xgK0DQKqZlF8+Kwy8IMwvg0yWTsQQXW4cziQkJgrRnnXTJugJ+xMQHACgODbduteNPLaJh2r743dEA3FMUDdpzuu0ixJQFsiXMGKnLtudxMhjZEWc0PpJP+jL5k41mGNQKRbFlNJstjCeaSoAGtLqynKeGmdgcctEP3Ks72TgJ/cQADTniYGmqnQDJmgOEUeRnWppjhBV/wbfscXPCWL9VIrsGJIDQAuNoQ2Pcur06QkMUC6VZIcns6K3VMCKwiZwcRMUJw1nmANZZwPks4gXWAbbqQTOg62qOI2/BFQRjJMPB9HZUBwo0xMtiozb2QwEewKIbuI72Qrzc6qZODbELmjMeRBNJnYi9x3uxtq8GRPjai7ZoY4g5/mAAQ7skVyIuUwajXYbqTBEmaSgXcXKsX34i//rtbjxURdjdWYPcqijkAmQ91Oorq6I7Nq9HlabNcwvLQoDXF2tYX5+GYcPHcNt3/w29h7YL/aerEcZB8ik0qj16xguDWNscgxvfOOv43HXXYVmo4pOhxNcnQLUEmi35S5fLBSE1dHja34c5/N3TiixXuomQzODY7gcIwLn8PCQC2GhOs050Y1MEYMb6phJyEdKVeH3vOcv8dGPfkTer1SGhTl2aBst0jaZQbfTVQcFQ53aLVlUBNutW7bil37pl/GMZzwDtWpVWCbtmFTh6UGmvFNeiL7YPanSM0qAIKSbGzc28ZbKZslYTDqyArTra5g5sBfVhVmM0EHU7+Logd2orh7D2PAoxoe3olgoi0lgpbmCRqqNzPAYCuMXYa1ZwM3/z1/jvqMhgux29Iqj6HCeUgUmlZcdVNQ5eNw4cjkMVYriXBrYzNXezXmsa9WtI2dn55riWhU2J+q0OpdMs+F9OB5u5upkdATIGDrlP1B/FQDbnZ6GO/kZAcKWc4apEyQlbNBmv9oBdTkbAJIAcO7QBMLfvJ6OumIuhydcsWU9A1Qkd2zEqa6RwdxQO2bzEzbiYuMM4RUInQrsbHm0VKs67IAwcjwMgn4V0MwGpiBJJkAGpDYwGrhjNgTVv9EzL6m42TPyQzbS7YXiICEDVOan9xZPs2Ocqnqo51cHg04G67tuBNxVFNSdjS7GAOXzKHTKAZ/ZPF28nqr8jq1F6qgbfwsdEJmpLNQJZPt/RO2iMJsoDEh4o4HdgGEaA1RnC99XBsit2h6d7ykrZdiJLshet4+MF6KUCtCpLaF69D588gN/hC2VFNLdNTSWjiGXDlDI+WLPoue21W2j1qpL/F+t1hRP7tGjM/jWN76FO277LmrNtq5rACOptDgrpi/cjqHRITTaDUyMj+L1r3uNMCGaCWh+6Pc9MXxTDSYI5nI5WTgSw8fFRXOBPJpzEpAzpxQAGdIisYJiYFNmKyBaLIp9jvNHibaqxJRDv9+RzxiCw682Wy0US2UcOHgQv/e7v4t9+/dhZGQMtVoV+UIBjUYdpUJJQJBeXnqTqfJy/NqtFn7mZ34Br3zlq8QRY84bAh1BkKBnTFBAz4F1s9FQ76iSPtkoNDIV8AiYYQ+ttWXc+Z1bkaXNk5/1u2jXV7C0sB/otnHJhVdjZGhMZNEO2lhqLCIslJAf3YmuN45Pfvo2/N2nv4pU7nKseCUE46MIaSfK5sgWxDOcElW3gEqZrDcjGxxj8dRbq0TAxUXEtBoXtsOREbXY2V9j6yUCRReeQk5gNkEFv4H5zYiW/taxNgei2QjFscUwJ/YvnZE+cjwYs9sLOB/otHbxhynalftoddqC8aV8DsuraxiplHHT066X1RYaozMAVBaodiezGSkYmJt+4EUdhKlonFxk/zvODhhngVFAsbN9qZ3AGf/NFuEcAcKcaMtxAcri/Y1YEd3wDBdRIVogdKvTFwCk55eTW4BV2BWc08CYKoFHbYaMryIAqtJhYG0A6EJgnA0zsnc6gFRKPwDAKFA6snk6tfc4ADSbKPslKrkDQgHsKKtioC4MYNO1NiB9kYotU9S8zRKmowA4eM9NYmG3ZF1tpEQNAgoE804drdU5XHfBMN7+m6/CaLaHfm0RqW4D2VSAVp1xdX0xildra2i1amg0G2g2WpidmcV3br8d3/7m14mruPiiy1DI5hD2uhiqlFGqFDG+ZRKpjIf9B/eiVq9h6/R2vOimnxGvd63eQi5fRr3RQpoODT+rQc8MWnbMQjc5ekUZDkQ2QtY2cPiYjCR4ts/FoMwjm82JTZELRVRYp0LBI+ug6k1GR6bQU7tfp4tv3norfv/3bxZw5H0YfE2VsFatyb0JrIxT7LRbYh98zGNuwFt+67dFHWawNNVwDeDuo8dQHv70e8runFYhrJQ2Rqpr3Z44esQTT6M/TRKcs+0m6qtLuOd7tyFsN5EJeygwSNj3EPRrWDp2AKlOgMmxKWzZulVsrbVuDR3atAtjCDITaAWjuO0HR/Eft+7F9w6vYS1XRJDKApkiDclALov8UAWlYlEARZ0bygxlPxH1UvVSgrswQafFKCNUgkAAVDaoG7o6RZxTx7E+JRtqItLN6EcDoAEjx5IvixVkHCk96hxTbdOAekAOCNpkf9wQfWGDDKvq4bLJHPuRdnEZppubB1htTqavqwBcZw2E3IMalZWA5RgIDtRiZ8QXY/6AIaqba+AwcduzY4IDA6tOVg1mVFXXAY5L92HcnAZaargIaTPtf7TZcNc29kcB0cZGNVNtbvasZJZ0AmjQtey9MUO0kjpz2MS90Wqotv6oLU9tgGbrNCdO3H432OUGrFI1Z8cCjao5hhfDuch2Jy0zeNWNxYD5mYNDrCKRShhlozhVWeO7+uj1W8IC+fQVP4XaygL8zipeddPT8eJn3ohsr4pyJkBtcQ69Vh2FXFYWc7vXptKIVm0FjeoqVpdXMHP0CPbuvheriwvYOrUVF+68EP12WwJPx8ZGJeuEunir08S+/fdhYXkZ9a6HiemL8ISfeBrGJ6fRaPZkU+r0ucsTaAsuEFidcZzouSxj/tRpI84fYuFxi4jsliBFmRJ0uCgJXswYUWeJgirBSeROGyjDJAKqyfQsM0gYeNvbb8Zn/u3TGBoaEW+yyLnPz3VzbTAzhjDcD/CH//tP8KjrHiWeZgY6EwQ1u4Kfk7F05UfVYFUhGatIzztBL2AmR5+ADASdjoJfp42eA8A9d38fnfqqjMNwuYzxsWFk/QC1pRksHz4g9tsLL7pE1dB8VrSjI7NL8MvTKIxcBK88jW/ceRgf+tR/4q5jVWBkCmF6iJFxSJdLGBkZFjVeyILLntHMKQU//rBPimPmZXObu8UBR2YwncsSliTqcGzdmmPEIjvMBm63jtkIxdln0ROmRrvYPlGJW221CYr9UduhB1pjdJn94YnZg7Zks7vm/IwE4KcaEqyfEciMVFi3eB3Niozz8r/L8FAG5+TgPEGR1zOm/gqyx2x3FtunEfsWHqOpXIMMEAUftYVp1ohmeCiI6oIfqOkBly5XAG0nafUCUwXWDBCqUPl16q8xQWWcAwDULAsFP2G+URu6QVlckzFcC+TUEBMFZJGhi3eMe6+jmELnuTX7hG4wgzACYYFx5idxYA46Jag7BqPOs8p+2PsD9ifoeBIAXG8nDMMe+iGN8j1ZeCN+CmtLs7hquoQ3/Lfn4+qLJjCS6wONNXRrVfRaDTHiM5C3F3ZRW11Cr76K2vIiVpaWUK+uik2JhuZiLkuXJ/Jk71BnlISzZCjbAIcP78P+w0ew3E2j1k1hevsuPO7Gp2J0bCvqzY5kwxAE1SygaY0cL44vwcfPqHOEcXWc8PGNQENcbANgelVP4+moVgub1HtQTaLKzLEl+Ok3BoH5jC28b899+IM/+H3ce8/dKBZKauvL5UUlZooe79fptPDW3/o9POc5zxEmSYbEhcdr9aV3JSslAPJ7NM5rah9DjwL4XBOM8+Nc6vfRWFsV50m33RQ1uFlbw8yhfWILbFZXkc/6KBdzqJR8DBV91BaO4dje72N8bBIjY5MoDI0Kw7vnnnsAfwg7L7seq90Mqqlh7Jlr4BO33IYfLnSx1qvAK46iWClp6FEuL2YnEgVmmhgJkhQ9AqHTLhjLaLPRZKaM0QGds6EbAGoWSEo9DnG8cSY0IwUDB4muK9GSohhaXYdcP2Kfp7HWMVHawo2xclwZ3C+AnU6JA0RVYvp91BNM1TnfXeT9s6ICK3Nxw2VwL8+jAb/xXF/trAQpadyaeXmdbc9UO8mucPmrpiob+AmAuHQuVVHVshp5kmMZIWLQlhiiQVsal6fJ3gMVWJlgu0svmxelwBkDpAdYosqi3WoAgJJ1EVN/1QtrKoBL0bNg58irbaqvk4cIxHKaLQTAvLcunMiJeeA1NjuoU4MdAMpidLutuqkGL2k1SmkbvG9qrqW5kfIbUzRAsEFWjxtzRwl+zNXtYMj3UF+ZxcuecT1e8qzHYbIUYjwfwGvVkOp10Gu30OvSrtfHWn0JK/MzWDx0AOm+BiuT7NDGUi7kkGIOb70KX0J9IJ44ts2cbC6smWNHsOfQQexZrKGJPKrVFqa27cKjb3gyLth1uQDgarUOZHy193Cyu41XArbTvuaK0lsp3uKcS71SeWhWhQYSS1aIy5zg+7Qrqm0xLcHNZGySV9vlhhAICBAQqc5VKkP4+Cc+jt/7nd/CyOiYhtQEoThEKkND2H3PD/ELL/95vPW3fkeAjQtOHBxUZX1GGIhBw9n+aKdUdVgyNiRPmfGNPXV2EAg5f2s1zB07IuYGkplcNoNOq4Hl+VmEVLmbDfHEB50GxkdKmJ4cRiZsYvf3vyxy3rr9Mvj5IWSyJRw5ehRLy8u46IpHopspoY4y6qkhzNRTeO8//AfuqxZRmNwh4Mc5TwcIGbhaKzWgWbzT4pjR7UiMpU7zkTUs0QqaMWXRDLaZqKqrQKbZIJYSFyMaLojfbHzxmX48AFpIjVwTULVlsHwg3mk6UXoud18dJ9RYqbKrh1kDzWnv7klfhr2qASCNrrFYQEttkYjuQSyeTUCzGWpAJAOZB7ZBc3Rovi8pqYuzc44Q8+bSTibxdgxcdob/9QCo7Vr7ZiyNM0BlalooQDyqBFyGUjBOLfBERRmA38AOGGWCRPnHgzQ4q5ihrl8D5gEDjMA+ios0J4eyEGN+BqAygA693DLQSSLI5JhjzNRgDDCu9nKsByltupZi0Lsu9W2g9qqNhrunsA9NBHS7pzpBOJGZRxL2+pIYn0cX7eocfudVN+HRV02hnKrhih3jyAZtNFeWsba8JKlps7NHcPt3vorZI/uxc3wrhvIFZLMZ5PwUijlfYtW8XhtZMoZuB6VcQfpPxpNm9kXKw+LCPA7OzuKe2UXsn51HobIFzVaA8a0X4clPfzbGtkyjz8om6bSMJyc4VdM2w1WoKop6lUK5lEe5XJQFTDuf7t0KfqoG6XMTbOjg4N/0LNPYLwn3fhbNZlMgiqoSgUlyhXM5idErlctYWVnBS3/6xbKIeb3lEy/Oz+HiXRfjz97151LkgSoWfyzkhm1JAG7k8NDxMBCkEV/UYgIwQZAMMAixujiPQ3v3oNWoic2qXCqgXltDfW1NVDkWvWg1m1hbmEEll8LkaBHjoznMHL4L1bVjGJ+6BLn8OEbGt4l99j//48N44tNfjNAvYLmVQnpohzC/j3z+u/iPHzZQ3naJbAjtXqDA72cljlZs8y5HV0DMhfJ4FlpFVdTMNjIpzZbv8oKd7dk0N4IO+y65IM6kZE4/8/4+EAM08Is8xTFiIIUUwgEQRmEyHkR+HFfKneovgZOgGWOAjqlFeq3zc7tkbBGEqLbGdJzb3D2Ecw9F8X3iQHHARgeG2fosiV9xWJaj5L0OgM95la0YgTOUKtt0LNUCoZ1qLEUM2Fbs2k63L/fO5xUAzbtsMXZxTzBZoWWBUC2XmDVR3ZWNShiKNG+Q4/oRAeCgzJAyX8fozAgci/sTUIttLgLaGoTkLA4De0qM8A3MDW7A41HucbVXAU8ZhwKeJovLzwCaB6pxQNYRot/uivrldbioDuPdN78al23Pwe8uINtdxXA+hYlKBccOHcCtt34Ns3OHkM4yJMbHWHEERT+HenUFnWYVY8NDKPopNFbn0auvYbwyjJHycFQNpFgekp4szs/j0MICdi8uohamBfy8TBH1ZgDPL+LaRz8eu664SvKd6aHk07DYAm0+GlhOTZFBrhmU6LkcKsuGZzY+MdwLS1GbqNrgNGSGwGeB0qY69wL9nE6Qdqct8522NEmxy/h4wxteh/379mJ0dFzuNz83h3w+h5vf9nbceOMTBHQb9Zq0JxuvMBFnJnIm5IGKxQWoGxSry5AB0lwApuq12pg7chiH9+0R5xEDLovFApaXFtCoVVEqVSRom46X5dmjyAcdjA35mJoqoN9fw4H930WhtBWVkQsxPDYt193zg29gxwXbkS2W0feHEea3Avkd+Pgtd+MTdywhP30pMpksWowEoFeYziAGKPsM0tbsFAlhkUWrgdNSvIHsSyI1XOplpDUNtJ7IPCSb+IABajysJ7nE3BDvDwCjBeNWgYYeDWIJNRh6oP4KC3RskF9hxge1hEazJeoynSFsK8vQqtZ8jAHGCh/oQh7o81H6Wsz5YV5KzU+1BexU2JhzQ3Z8F2Ss7EkdIVH1F4+2F8v/HcT3qXqsnl0DFumHS4QXRiT9JAN0fXAgSQCkyl1wAGj5xRIGY21JCIvLZ3QFEDQe0PUxlt+oHi5juRaU7PoqoTMamabAGXeADDYMgm48pEg2E06KKD1cmYuB5MkAUPDzBHVYuWK8AMIg20OZngBiqMZ1deQxniuQQgWpXoBuq4N8KoVeq4rlw3vwwXf+TwFArzGDqSKwfGQvDt93Lw7svhudThOFSh4k3UNDQ/D7HvJ+Fof278Hi3GHs2nUZtm3diqWZQ5jZdzf69WVceeVjsWVyWtRUelgZhFqvN1Hr9bCCFO7euxe1ZhetDtAK0uj00wKCu664GpdddQ0KlYpoGvVWGx1mb/hZAcZ2u612xjxT5wooFksCPjTkG/OSwghkpLKnqbNDYu/o73eMjpVcGLBM7yBfZIrMGlEHCtPVCnjf+96Lj330nzAxMYojR8mEgQ/81bvx+CfcgGUGe0uJLjrhWAKtKYyUC5NskKo2mZx4RyOPvI4w2Z+kpfX6YmLoVNdwZO8eHDtwn6S8eWFf2Bmr69TqdZRKQyhXhgX8V+ePiYNqqAgMD6VQqeSwd/e3kS2MoDJyAbx0Vpjpt772aUxNjWNy+kIpjtAOK+impvCd/U28/4v7kZq6RNVehuDk8sL+CICUpTgSXN/Ft+DCqdR8rrZ6AqBsvkIWFDvkx4WwWdC9MkEN9o5ekqF1cgDUFOWBriPz31WBsb8JhvTSq7NGmT/NJZJ6KilvGidI51Yhn40KY9BO7bMYQipTCKMKLlGIicbYSSNR9RbnFV4XB6gqsHoJHFhFThDnwHBhJlzqA++oc2ikubNrXTv1gLoYLRcSY4GUFkOozFGBJ4qHY/S7pNPQ25QWBwiNuIyOJ53X4OIB8Klzw7E4DqD0YXC/qPCCSw7XSjEDz7iwtijFx6rfrA8Psg1hwHQt13fgVY/ItouJkoXhGKIAmmMI5vaP2EMMGWk34pNJShh3QttVzZZLgJPRsZizgWOky3ipMECBwclrVfS7bfj9BpqLR/CW//4iPP0xl2DYq+MHX/0cZu79DupzBzE5PoLxiQn1bWVSKDFuLAMJVP3Sf3xKWNHT/+vP4IILd6FRXWGyMO667cuYO3AvHnXd47Hrkiuk91k/LyBYbbWx1g1wZG4eh44dQ64ygdVmD7PzKzh8aAYXXXEtWs0utmzfgUuuvBLbL74YjOdvEjCyWWFqOS4AxnilUhgZGRHGRiAkANEWRyO8MxeLekrng9gHXZweHRrM3hDHjtQdbAsTJItQuxIXVgp33nknfve3fxNLyx38yn//efzsz/4cRkdGMDc/M4hBdFkM4mV22Q0yLz3aLDWZX7zPrh4h5UabHtVZbgwB85VrVdx5+zew93u3Iuf1MT48Aj+bx+JKFbt378Ho5HZs2bZTmH6juohcpo6C38OF26cxXC7i4H13YWHuCMa37EKxMoSJyUnMzx5Es76E8sgkumEWXnYcqeJWfHt/He//4gEE47vAHa1N3uDnEaQYU+cJeBNcNBBdc8W5AYs5ysUMS7xjLGohmseKHio/B1wD9XZg0RZzgcuQOtEGGFsQbt4PbIrmCHUMXwKyB21pm5Acdb4IlKzFKONCJ0o/QDFYZtWlokuLd94Zp7oZ65JqLfEFz7u5mn3a3MDroxVT1jM8YWirhjoAACAASURBVGfi8bXiqC5tTSamprIJAEeGUOctckLWWmgWX2iOhEEsoDhC6AF2Nb+ana5Tf/Nir1Emqbm1Wl/QYvwcMBLAjf06BFIP8UDlVhXcMT6ngps5IGKnbqca2EMHHkVTi4+368WwLKpgIizwhIDp9dMqAk/yX6fiSk1LlzzFdmTecfcmwEY2KM0MIfsjANJTTPZXzHho1FZQQgvt5aP4hWfegNf/ny/C1//to7j9sx/DBeMFTFWyyISsoBtI9ZTi0LCon+jX0WzUMDM7i2/fejtKY8P4L8+6CVNTW+Bxca8t49tf+QxGhoZw7SMeI5VLmDfbbDTFgdUOPBw+NoO7mNfa8xBmh1Eam8bhwzOorjUxNrFV4gL9QgEXXXUlJi+4AH6lDBTyEqvXXKuKfbHRaGLLli2YmJgQxwU3DkmDY6aPRKJozSfJ7ZHqFxqGkvNZS9AXpqDqkarWzBzg/akKM1d6rVrFW/7n/5D6fszx5fWM/bNinco4NMfd7JAcJ3qFuS6lDJcDQHEEMGeZNsgMWSYrvuQYX4Og3cS3vvR5zO39AXJhByUp8JDDUrWJAwePYnhyO8YmtwoANuuLKBY6KGX7mBwawkipjLXFOczPHEKhPIKR8QkpZNBp1+Un4xfQDnxky1uA3Bhu3b2C933pIPoTlyKTzaPPUDCfv9PCAtXxqKlqWsw0FtvnCiAfX1H8eBueMkML9D+RAHAzMFJh311/j8EqsffjKjDHVmMS9bp4Kh3HgXZjA2D9ntO0mPUUrAwAMKKaUd6py8OVygtOxXXszwAisne5B1QjZUxFtKomAjAuvs7q6VG4ruIxAWgQVjJgZwq+zj5p8W7mwXVARo4juxV3Uyb2c9J6tN3kxeCuXqpY4VSzJ8rOxUwSqzlonorBM8TBMgoTMvdDFI8Yy9G1ijfmXIni+BxzdSAfBz4yPSvfdLKBH4DhevjUcldiAVUGaGqH2wUVAAMFQErGbINO/WVak1TYYDWYek3Y30iqBa86g0z1GF781Edi/oe345oLxjFZ9DCcA+gbzKShHlTa5YIusmkWsOygG3jYt28f7rj9exjfOoYnPvXZGB8bR9Bu4PYvfwattSO48pobMbVluxYgUQ8atl5wEZrdHg7NzOLe+/Zi38GjqExsx+zsIvbdtwcXX/4IVGsNVBsNFEbHkBsZkRSu0W3TmNgyjUw6JzF71bU1lMsVAbytW7eIel6plDWPWCrdqE2Oubss4mo5vXScMPMiyxp9WRZK1XAJqr5kgUzCHxoeQbVWl8Bn5ifXa1Ug6ElbBEiyJC3ppXZXCXdx5bsYOyj1CFk5h6EvUaoeVUHSglBZYTYvNjI/7OPLn/skVg7ei35tCVsmJmWDX6o2cOjIDIYmt2NiyzYB1G57DX64ipFiBpVsBpNj4+Jxnz16CK1OC5XhEZQrFXFQBf22OAbb/Qy8/Bh66Qq+e6iB995yAO2Ri6RQ6gAAUxJGJkUNHABqBRYX7Ew26NRYMuqTA9bAri3A6YAnBmdKn1yYnNgAY97gaJOPYgL1HbVGuZAzpzVaOa04cVjPNnXtHP95JVxlPcSSlFnUux8HXnxkh9C2/MwZENkF3ecD8FsfBqJeXN7X1bKzEveSPM0cXVfw0zEou4/GBg6Kk0aOEueIMealaXZaAqkXuPphGZbSZriFy+wQtTzmSHFGVKrDpPsayjMIZVEv7YApSt1BV8kiCkhxstLMK/P06sCYCjxQhR0bPGESSKtxPDRFeN1767M49COr96epYayHNrDzDbI/nJ1PAHBgC+TnjJviPVqdAKl+G2U00V85imm/gXGvip2lLq7bNYUxv4tMewVZtFFi9WXG3UnwMUuWZ5Bh6ax8UVSnUOLO7sKd3/0qtu24AhdfcgVyfhpH9tyNtYX92HHBVZjcsk1iQHO5gtidUn4GufIQ+uks7v7hHnz5y19COj+CvpfF8tIq/FwJ6VwBHSJ6Nod6v4cDM0fBKk9DE1sxNDKFTCaPSrmswdbpNK655mpcesklAjgMC2F2gwbB0p7mRznBnDOUCmP58ln+ML6QVWVcXKEzfWgYTl+8zPV6Te5Jz+Lq6ipyzKgwg5djlWIPloIHmppHxstsD9koul0JoSHDpC1SUt3ETpmSMfLRx923fR2L++9Gd20e26enZS6uNjo4eOQoSmNbMDm9XdXTVhW9+gxGCr4A4JaJCQyVy1hdWZIsG06tkbFRsZFSByJRaPUz6KXKUidwz2oG7/7cbtSK26SqUg9pbnGuIrlmy/AlqntU9spFW4hpyxjXYLoOwrt0zssMt4LC68DM2fZciISkxllx5ONALwJDB5DrHCauPoEFS8cXjpo5tJanxRLGCyoMeQ4A6Yk125rS1YH6Zykt5tKyEBiN+dEQFP2uIvg6B4fLCuEAMtPCzt3gby1oqvXu9POBjdG8vpFzwwGQMU6z4el1yiRpL2S4BPNIM75WsRD7n9gYHQuM2J+q7XK/tJbKt+ezUBYrQWVyGchk4NiweEdneVDZO6Zqdg2ZJLIDOhvncZPAdiohBgJiZkI+DhejHSzOBGkkV9XE8npdpKOwP5l+UjpKoqjlf8sDZs4kjd49VuPotRFWZ5CtHcNwawbXbPFx2aSPHcNpDKe7GMqGKPkh/BQTy1nMU2OsJBiW9elyBRQqo+gFnqhOhw8ewN3f+yYK+TImJ7ei06yh32li+85LMDo2KeWlWAfPz3KT8uU7rGK8e99+fP3rX0U/VYSXLWF1pSYltoYnt8g4hdksar0u7tmzG3tna2IPFE8isdHPSZkpPuRTnvQk/PzP/xwu2XWxbITlcklYmOTcUlwsRc8KLc5rz2cpsvIJ08EIgr4m9LtdEc1WG+WhCuqNhrBf5kIzBY6B0S2Wl5f5r7GH/EM3S/dyQKhmMlV3afNjpWp6gGm/ZI06nsVSW1kVk0F19jCqR3YjF7YxOlwR+Ta6IfYc2I80ZTq9DZlsBs21JWS6NZQywFAhi4nRUVRKWr2G06lWXZVnYXVtxmiyOEgz8BH6Q2iiiMONAt79mXuwlBmXrBEywG6oVdZlXbu5Su3KCgfTni7pa26eW+EGJRBx1qebexTLGiMGg21f6z9aVMPJbYDr1wEx5mQAeOJq0XfuDwB5DwXAXCXUysMawrEO/IQBurM5HP3VNR5La3EpakZfLbtCF7wKS0rXS0kkF/YSOSKOA8CYehuvCWhxRDZhpeaYxelJG1rwlA6QZrcrkfoFpvTQCOtUYGOAg+oyHBwXh+jSd3QQVQ525ogWS9UaZ2b3iztCBmaA44FRB8B2tegclNhE0ftoZHSUW3kcCMZDXgYBzmbw0I1FMa4Hz2OeKYN9nEIstj+Nu1G1U1PjxBMqahpLT6XQWFnARKqOofYcKvVDuGS4h2u2lzFVDDCSBSo5oOCzdiDVPgYSEyBYyaSDQnEYuXxJ7HlUm3KlCuiF379nN44d2itAUKmMirpI8BsaGVd5Mt2t08Xa2prWbkxnceDIUdx19z3oIIswU8BatSHpcCNbpsEna/b6WG01ceDoURxbqYn9sNMjYaEaTJtcNVoHz3rWM/HYxzwGW6YmMTY2JhEBVDELhZx4ow3c6Cjj8FN19NOeMMFCPifvUb2TcymGRzAzNyvnfvB5qFIzr5fj5/sFRwDUu64WCLfpiDqsGR9c3HL+Tcggalaa5kFSPTlciayQZcDmj83g4O570V2ZR3v+ICp+iNGhEvLFEhrdAHfedSdafcZKTqPA2DbabdMeihlgpFzE+MgwyqUihkfGpKjs/NyM2GzLlbLYN6v1Bhq9DNKlCax1fNy37OFDXzmIBW8UIc1FZIGs8JvWA7moUfFZmTlhCRFSes7O42FqogP7AfgpvKkW5TSVmCc32vAtj1jW13rgjLDkflDtRwHgiWtmcCNjghyHClbgZfJDoZRfPwnzkwUaqcCDgokDe+HAGxTZyJxXSPnGoNpKlAbn2hLdXzJAFCAjnT3ugHC2wSgO0KpERznBzv4nSfMs6dQVAGSBSIkBZL0+GQ+nAkcVaRyA04HCemPrbAoDL7Gqtvb/wAkSsWAH8pGN1A3kwOg7KMx4vANE5eN2szgASn/NmxUbuJhjJEp9o9pEKxI9xgIRzHlVALSwBHXCMZ1IiaAGgWp2BBcmFzlaa9juN9A6fCe2YxHXX1jCzkqAnWN55EEjuycMKeczhJVpRQwN0Vp7LF+VzZXEYZDNl+hGFFCl53J+dhbVtVUJ2xA2IM4qzbFtNdsCfqvLqwjTWWE2c0ur2HfwCKrNLhqdAA169FMpFIfHhO21gxCNXh+HZ2dxZGFJrmFGCJ+RhUn5YoxcvS4R/lJNZtu2bZiamMT09DSmJqcwMT4ugDg6MirMiOovvdl8PgaFU2UvFjS7RDYK2STUI8pNluqrhbuwDaYbiwbj4tO0GIAWfeKLTFMrzeiYSFaKnFfi4jNDln6nHc3H6tIS7r3jO1g6uAdebQG5fgtjw2WRczdM4c67f4DVWhWVkTE5m4Osmpk2xayPSjGLsZEhDFWGMDwyAi/jY2HumDA/Zt+w/7VGC7VOCkFuBHPVAHcea+MrB4GFsIIU2ThL6gc8ZiIr5qO2FIawg6Ri8bFyZINqHuYh0PVv+8rgTBANArc42uMRjXPCBfbHbIDxq46PeVWSst4GKNmn96M2x+tw2n3NvlvsLcLLFEbUBujY1/rDizSZ+URnx4AtWgiLMUOLg1OPkRUx0DLZmk7ndhCXM6uH/7gCpy6cRp0sykp1N3H2u+gAICuKQABkpQ8FwHqb5dl7stvzRwofRCWm3P2Os+0JQ4zaH3iZ18Ufxoo5qixU4AMVeGDHi+wYUfhQfDgtXCZmH3F4N6iu4XZEV+H5ZHm+g/xg9a4LzRf2pyyQ/mCt28bn1+MBzBEsuZyyALtifyKr66zMotyax65iE1u9RVw27mEq28SI38PUaAWFbAo5CSEIkc+lUMz7SHk8pa2HfKEimRm0A3ZYhqzbQ5Y5s2T7zOHOZEWF5DX0ETCQeWV5GdXqmqg/BMJGo4V+KotWD6h3gZV6G4urVTS6PalbVxodR9fzUGt3MLe8ikMzc2iwaADV504v0gY0bo8VpX1k83nUa6sO9TkG7Ete5kmlUsGObdsxNTkucX27LtqJC3dMo1zIile2TEAs5vQsimxOMkRkQ3WxZnSuaFFTOT0oUoHJJlm2S0JDXFC6gZ7krrqzLsgAGXNI+WWyKZEJT//jYVP77voBDtx1B0ZSPYS1JYxViqgMVeAXyth3YL+UHuNZKrTrdTstOR+FxWJ9r4tKqYCxsQmUh4bEdl9dW5HURTp9ChwTL4tqJ4V6kMfh5TbuPNrBUW8b5nsFORyJPwqAzAbRFESCjR4xoMkGaovnelYb4HoAHNj8TEUezP7jbd32yfFq84ARUnaRKSK2jOIMUOb5AwAgwS6uNvM23JB4DEK+M68AKNkY8bCP2Fm7mtVhVVscwkdFEajCWgUYBwgCpIP0OfHEOjAcVFnR4gaiamYY1GppZE6NdCquxQEqo4qxzSj/mEn59ABnZVdl/TIyAk5E6bfE+GnlaANRYV5SUVbvF9kgnaHWwF7DGTR41eyA5gUbUHT1ZJqxN74LnRDyYl5s1b2i4ZTAZDvkw70beausBFFs8O0zGXiJatHacab+plKa9cFcGMqGNlA5b0OOfuC5En0BPp6FmO63ke7UUOyuYXu+jcnUGibCBUznW9ha6GGilMZQwUcxR+8ozx0OkMvSEUKZM8jXHSLFlDV3DrNGJnJT4ZxiWSXGaQL1Zgtr1Rr27tmN+dkjojrzOEra0dZWV8X25GXLaHSBxbU6lqp1LNfr8EvD6BDYuKBbbRyZm8PsUg0dIRYpZF0NSDp1GHPm07nCmDbm9TqAUrWHQb7MFPHRbrLCSoPhsbho5w781+f8JHZMTyGbBioFXwqQkgnSjixVZ1hOyxXWoMfWjnCUauLRPPFk3smBS/zNA5oyGYkp5GKTTTOdkbCMWqMhcZA8HyST9dBoNtHpBOg225jZvx/Lh/cj11pDWFtE2fckpCiTK2J+YQFLy4sS0uOFWqCVZgCq3hl0JBWR1Y9yBcbAqhOQBSrMMcEYwEaYx1I7g2PVAEcaecxhi+QGkwgw/CWUMdMjJKyCS1S2ymln4gGWyktySGdsk9GU0UHSQJyZRRnRsdm8HhTvL/xFdJgY67MbqPNvvQ0x/hnXiOUKq6deNR9jkRUeiuSXxpQB2nm8YqcbxPzEATBieUJDXRkrd6iROCbcuQADwNAS2VZiSthlXA0V+6CCrzE9sbNJ+SsHUE41t7L31gbbE3YDngGhAZvtnlX8UBuGpMhZVVobvKhwg/ZFz97Q+C+z/0WOj4jlOVudY6TxmMXBmcUnxjjFuZ85ita9Zye3xdAyzvh0pNY7ReIAqMdZ0RHCa8j86FFkTmQoOZoEwNDzNa2Jp2CxTFK/i0Z9DUG3BfoC891V7Kx42FHxUGwvoNyZw6TfwHCqiSG/j7GhMkoFX+xjBEHG/jG+3KdThOpexAF0Hai/RW2rAX2atFF6vhyYdPfdd+Ku739DGOnY5IUYqgxj6+Sklkzyi2h2Qyyu1kUVXqjWsFJvIFWsYKXRwFqziWqzjdmlZSxWu+iKWqW53/kczxBOSwk0aVfskWrjDaSirvIUAgLj7zqtNsIO84J7uGjHVrz0Jc/FI668TAE+zUOHeDwAF4+HFlOoyILkHGGtdSf2PHdwEe/pgsuibBDaGHmmCfOJc3lWV6EqzXGhSZZaSyisuNmsoxu0pIhns9nD6tIK5o8cQbC2jExjBdWj+zCUz2CkMiTq6drqGmq1NWH4aXTR6XVRbbP6HytHtyRESdTdXB7pbF7ko4eoswBDgC5yqAUFLLRSOFb3MNMuop6dRtMjOzR7ONeFJhXoIUa6LqL1KMVRVEOTz104luCggLwrSXWc3c9IwvHE4IFAz4Dq+LjY+HdOFkKm5gV10BH0TvZ93mMIqwTA8ZCor43Fw2Di9fgsGHlQBstCVOLFEAy81MOqzNDCYAaFRl0WiMvfNWptDM1A9kS112oKDlRiYRseo+t9MbzTYC5ljsSLpeBqLNCqzEThMGKrdKW3zBbnAC7yasfyjwegaN5qS31bf0xofHBM8JHNNI5+7u+YRE9ggqYWK3kcTJ1oQBmVL04UDjhVYFJCzQrhhKbdiEZtCWJl2aegI7mjLHrgdetIN5cx1F/GtTtHMD3kSxhMrjWP8VwXxaCOgtfB+FAJJdr/JEaOMYCswsJAXmWAaTK9WDYLEZCqrgAffPHm1ls9zMwt4Ac/uANzc0c0gyM/hEsvuRJbx4YwMT6BbHEIq7Um5hZWcWxhCTNLS1iqNdDLZLFUq2FhdRXzy2tYWAuF/VGmbTnuNYNyeVRUyFab2RucE2RmGUmZs3nIRUGVUzztnTZCqWfYw46pYTz3mU/Box91jRR89Xot+Dwzt9sS0O9JXKmyO6t2bB5dLdbqDtGKnWzG93i0J9VwsrGRsXHkCiWJUeUcpYpJBxQPlGc5MuajV+ttLMwuYP7oUQS1VaTqy1g5vBe9tSUJbSkwj5dRDs2G2P7SNHXw6Ms2gY1hTi2x/6Y5JoxPTDOnl8HWWXG69LoB2mEO1aCAuXYGs+0sloMyWpkxtL2CsnZZk6o5SRV2ATPdZOMak7BeSWTQCjGiWVAddpVj7PS3yOFhGs9J7XQnV43tu2R+ltZmgBj/7Pj1JkURXC4w1wnZt21YgwIJaooq82B0vzwpXmDV7fWMCjPQD1RWzcRYFxAd2QJMxVVDpxgoRWVW1ZFAJCeZyff1PhI+IzuJE6y73uKO4uAXeX4dexQ674KQNcuDg+WL+ksQpD3QbIIKzrHT5SKPsJb5URXYQF+j+NV2OdgMTO2NDnMS5hELo4l5x+/PEBtZO8xJEnNoxLHt+J1qnV3wfkBQCmlKVocrty512ugGSQsAMkA5y0j+kIfE1lHoN1BOtZELm8i1l7Aj38KV24dRzgKrR/ch213BRDGNPFoopQMJr6jw4HFhfozfI4siIJAVpZEhW3BhIKKTs9oJAThkWIWPdH4I1WYPd3z/+zhw8ACmduzCyvISZo4exPSWrbhs5zSmt04jVxhCtdHG8loTx5aWJTCaLHC53kC9H2B+ZRUHjtax3ANyNOz7Pqo8RySVRak8IQDIggo95hGncxJYzMR+ypDj0mq10G1R7eUZGD0JZE6FbVRSHTziiovwqGuvRKWQRqbP9DrG5bTEFpjlyXCMg2OmCLMyGBDsquxwXPm+mmpoW3KHlVPVcqmJLOvFwOVtF16MscktyBfLEmfHmDwWrGh1auKzr7e6WFlew8zhw1idPQqvvozu6gJm9t4LWuF9nyW88upg7rWRDjtI+T7qPT2YywPtiIzP9MQBEnoEf4JYVsCvH6QEAJe7Ocy2MlgIS2ikh+XUuC697nICIYGNgK4AqLF5utloUoJbS1yLAoCaAa/B3cqKByAzKFhw/4FdBn73Zx8cZG3EyYT0x62leA68RTcY++NvOx7Vskfi3xUAzA5NiQVBwGtdwVNX2skBXbzOnaq7DsxcHKCyP2fkd3ZBAVIHOgqsMQB0gZVyXKXzopkKOqjE4gQfz9+1Yooutk8BkOcXsFSSAiBLBonTxanXfVfk1GyRURiP7GQc+BhwC9Fynl9XfMGMv8aSLWZReZk+o9kpTkLyHvAt2UPX2QDXn++xjkXG1GF7X45ZEBevpvw4l5soSWb/Y2Visr7hdAep+jxQn8dkMcDFo2lcOgpMlTx0mzXMHdorpe/HyznkvT7KWQ/lbAaVQlYcHwRAnyEwaQ9pnxkWmtcqhSkYd+gM/+KVlaBaH71UAb1UFl/5yldw5NgxXH/j08XkcN+9d2PP92/F0578ZExNTgoA1tt9rNRamF1axdH5RSw1mqh2u5hbq+LIwgJml3qo8/gKZncQ8Hr0fWeRr0xKMDRrI8BjlgodGFkxgzDgmIu006yj32G1FjICHoxEEGlhyg9x8bYJXHvN5ZgYLqGS9TBczMJP9VHmiWhyHIMa/s0OpWFFGuhM2yNf/JsllxjjyBJUPFGu3mzSLy/RCcOT03jEYx6PK669DkNj4+qgYpiInOMG1Ns9Sfmj53zhyEF01xbQqy1j+dhhrC3Oo1GrCQDKoUyEKjkND2jxYGhhal1iErw0bd4Z2XyCkIHqWZ5xiSDIoNHPYqaRwrFWBkveELq5YckNpitMbOFCSrSquqjAohlpHq06Jp0vwExX4px0p75YGiCL1LrzOEQuznF0YsB/fFn8aAA8GYmIA57MfCsY7OyFHC+aaex1vHkpAkBTgdfnvzrGFx1Mbrm8Cg6CrEKXNWAyUtCcHTCqI2hByO7UNbUpDpwSKlQtt2OudXNUCDA6oLS4v4GtUVklmQaBjkHQBEEGvhIEzWki5ZSsTl+sUIPGKQ2cIBatTqA3B4io8uLRGxRhsBAYK4hgXmGj59FAnQT25H7H5fmmnIc2Ai9XyvukqGllyN0paAp3bn+lYVycIVaSi/GB7pSxoIdc0ESmuYxcaxbjfgNX7BjWWL/0GnL9GlbJyo4cQNhpS1I9zwcps9SUnxIALPFoRLI+BkDLYRWsxqxnMXBmiN7gXM20d3VDKpg++pkSau0QX/3aVzG/tILrn/g0FEoVHD50AJ//yKfwvOc/CWOjY8jmK6Iqzy2tYZa2sLUGajzQ3PelWsyeo6sSCkNQFw+zRC7kWGIVmaEJ+D7P5+A8Yp2/PHpdnnGshxGRD/fbdQS9KqMJEYY1Qgcy6GO7n8YjrrgYV11xKcbKOVRyHsYqBeSZEBH2dTE7Oz83Kj12wQwXtvmp91myPPp9AUKmzq3V6hKZwOdeWllDZXIbrnv8k3D9DTdicuu0FO/M5Fj5xket2UOVgF+tSj5vdeEoVmYPo7m6hBozO9ZqkjmiaY1dZOjEkmNUuQY5LmR/YhMRsxA9vgTAfLaMVDqPIPSx3AAOV0McbflY8UfQzQ2J9kSZmmPDPLzi+BBWNyhoKnPLgaRGb4hk3I9jgK5+oIWqWDSCzucTnR4/Wmsyu7IiTJzdUTU2p4atP/Vau6M5Yyq3aVPx9VdmMYT88NaQ3h8FDI1NUxXU2fGcympqsdkJ5YQtToQYA1SPjIWsuMlhaWhRKaxBbm+8+rPdN2KBzvtqxRDiqWkR05SkbXqSnQ2QpYtctV9zbkQMLTp7RJ9TB1P7SgYooCd0inalQeyfqsSDiS6eYTPwikHbJSg6T1UEgCctaDCAtYjBuaKoBoCWK3rSXcsBoF0jYX2OFSoDM0eMhgeFcgpUgEoGyHTX4NVmsC3XwLU7K7hix9D/z9ybRmt2ntWB+5xvHu9YdW/NqpJKJak0W5MlWbJlMOBA2jaDMGBsAyZMJiuYxYr5ETrdSSehe60krAChCQs8YCMbDLahAXmSrNGWbEu25irVPN/5fsMZv3N67ed533POHaokiNPp63V9S3f4hnPed7/PsJ+9sa0ZoTU8DXiLWF5ZxpnTp6To32110K7VRNevWUrRbdbQrDLqYmOX6Q/lTVypNTEFpsglvWv5bfpbsCFFo7GQkUWlgwvLfTz2+ONY6vVxx5vfLlMKR48cwrefeAJv+/7vRbvZRrnWxkrPw5kLC1joe1jxIywFES70BnjlxCnMDznlwRfQIGtawA9uDag2UOmOSwTIQZByqQGX5J4gQexR148NggijsIc06QHpKlL0UHEcbK3XcMW2CVx75WXYvnUa3XoJrUqCVsURlRtQ1NWoyUgTxXhcSI1ZsgMg4htlNXEUKbGc/05Tke7qDTwMwxGG0Qjnzs/j/Pwiult34OY77sZ1b7gFW2ZnxGqy2iLRORUXPYKnN1jB8oVTmD9zAisL5zFYWcHiAkFwVbrXpTRGzUlRk440I10CYCISZawLcrwzcfVwaNQ6cEsNhFEJc70Yp3oO5pMmlqoTNxusJQAAIABJREFUiKotsRhYk9qaoONSAKjNRW3+FMfbNVW2is+WFLheG3Dt0U6AtR+bbRluNW2sWROmHASLEV2xS1xMc+3o22YBRQEAjTWkdEPNiJhsclP7M/U/2wgQ4xEJg5UzpN0tRXhbv5Mam4m48k7pxhqgXnxNdS3vTwHHND1sqpyl3dZgRbXIBADJWqdqcEwArAsBVuXyFcQteFrVGQvwjD6toq1GfXoAZDVAWxLIxE/tAZGrP6uDW04CzcZ6Ck2L9Re/mPKaRzSnmzWR1NPOzvuuBcN8IWh6oZ1iuWtGXJWRHzvAbHy0WC+L+mhHS5itebhqtoz92xoy5dEcraIZL2M0XJK51lMnT4i5ebszgQ619UoOWqWRUEMaVaaClMEiALJ0wE6w1otEfpwLn4uVwqIykjhCmJQROjX0A+ArX/kSTp85hx+4/72SHn7zqcewunAO99z9PUKHSZ06FlaHODu3jF6YYDkc4dzSKl46fhI9ChPIJeEOpypDF269gySh+U8DdYqsJiUEHukh2pgZxQlS5sQjH04aIInJCVyFi55QRma6HeyZncD+7VPYtXVCIt2xJmdqKUjAuWf1MqFYqXjNiKwVI0x6iihJmmmwJZizQcGuLKk3/BwGIfoDT1wL+34oKe5y38Opc/OSnt5019244033iGBBfayLCC44W0KVHqo/95fmsLo0jwtnT+HMqRN45aWXhNhcr5QxSYe9MmfbQtQposBJliq73Fr/cyo8HHhNWQ9vy6ExDBycXY5wbljCankMw/oEAvIiTSake8Nw/EyNW6Kp7N+650U6TnNtBUAjN28jsM0AcH36uhGMchBcn6by9QmH0pQaipkW/0pVaqwxmY0SDUhar2U7aWJc4yRrcqgGswSnMb495RC7jmpZcq/O+Wrty/IA80ZIVkMTIMzlpDRltLO3SlPI0k89P6XJYi035fEpGW4luDI1FW2SCMfOylAZCX0pzpoQV37uUkBTwY+ArREgqQeO1AT1Zhnenx3h08FNuYFsHWjB106H2EaIkq1teU4jVCt2kCe6kmIXeX324DO/sl4Ec20KrGljMTEozgLb1Mv+PBc6NZMiUotSfbu0pMBYSvTgCHmoJCGaowHKq2dw4zRw2+VjmG0HGCv10XZ8xEIUVucxv78i42sMtJgytTvj6NQraMJHo5QIf46UD45LcVPUyqoT55Ybch1VNY2bX3X0wihFGLsYRi6GoYOnn3oaR46cxME3vhGtiXGcO38a/cULuHLPFWjU2uj5KeaWPKwEwMIwwrEz8zi1sISVEbukNRJWgXIDbrkFt9REqdyUdDdMaGSuY5ayFmlYT+pHHNJPEmU3xMhfhJsyAlxE24lRg4cDl+/GlZdtx1QtwTRT33pFAL9dK6FOQHFJHZJuWEb8VUMeNhZUMYbop74etFXRqRGSo6VbS1J+wNdeErUb1iv7QYxzi6t48eVXELs1XHf7nbjz3vuw78ABAcFB6CNxAT/wsLq8BH84wNzcBTz33Hfw6GMP4czJBcxMlrBjegvaLEGIqb12atl5ZtNHpzgoAVYTcQq33MYgdNGPypgfpFhNm/ArXQw5b03yuhDK2WbRsVeCOzMh5VAalaXCIICdkbelIKWn5VoA6/l6m4nA5iCm4GYfqwiMG+hgdj8V0lregrI0YnTG3Uq9SVzAkhvXRCbDpxa3KUc4Hf2UGmBzcpc0QZRsbEm/eb1PgMLW7CRCNDOx0h5SIYLcMCmnlmgdz84Y699xcUoH2Oj7MfJLpGhrxQhyvp0KLVgOYT6eZvlJgvwyxubCi7jpEqnPEPw4GC9RkCHCSgc7605bgyNVhNZDQmuaWfrN125ku2xYXgQ/S4TWiNj4p6471ooD3kXuXvHX9MhRkdI8DSgwpeyYkPnh+qkQgmeJC8gF4pJGHpVEC9YhN3DqoRksYm9tiP/lph3YP5mg5SwgWT2NtD+PYMAOZEP6J+wSnz97FkuDWOpRlWoL7XoFk7UUVWkcMPpjYYyd0RKaZa2PkXKidSO+GXoy0JI0FpEAAmCMOhaWBjh8+CheeO4Ydly9C7OXXYYYlNQvo+VW4A1CLKyEWB4mWPIcnF0c4Pyyh8EoRcAqZ6kKMNWr0OO5AdelyTnVZOrwIyoS8xAqENY56jcKgGgIxD00KgFSfw7+6AS2lxvYv28b9uzYgslWFc3Ew2SLAFhFs1xCq1pCnek9Yx3Ws4nsWQdU10neCebzxEZlmkrTrDkauX5OG9A8PggkXaTz76oX4sJKXwDwxKllTMxuxTU33Y7b7r0Xuw9cjnKrDn8UyQESUPo/ijG/sIDnnn8ODz36ZRw/egSTzQq2TU5inIIfVK1JOQmjqk1Mh6X7XakLCZ33ahhysiZBdXxWAHDBd+G0ptCLSgjdCmpUyrHmR0JjMdeR/5Ysb60yki0B2UzRRoJcopYGY/fK+kivSFnRn+XKSTbj4Ve7X4qTIOtrhdqBFldzzZ6EApb7YFsAlK/meVJSxJwEiQFBAcDG5O6sC2w3tESC2dytiQBNvUzSYkt3MU0Q9fwoKMOaLrCEy5ki9NoIUDqpPGkEFxUK8uaDrSPa6Q9DZDUgZVNwab44Lga0wUyoUlIV8ONzWgoP3eHsuF5eZ7SewOoRrGl4QQFHZPFzsyO9V3qhi4PaQvMxskAbwno5UvPvbnaiZQn3uuLHmihx0wgxQ0Qh7PLyE/BY7yAAcrFE7gjVZIixeAk3Trv4kdv3Ynw0h1JwBunwPFy/B0fqdQ7CIBbx0gtz8zi3NMRyL0S53sbk+Dhaji8TIyoiWhIQooBooxSrL4Sjo4ystXGBEQD9MBB1E4KTH7kSpQ3DFE88+jh6PrDn4C7M7NolY1vnT56RCK7vuTi/MMCx0yuY80IE7CA7ZVSq9HVhEZPPQ8eyBlKnJo0ONu8izjYLF1Jrctqgo6/uEEnQRxosoVUNMfLOouX0cdWerThw+Q60qincyMN4vY6JVhNtvieqXHOaQgBQXcQo1yWlFBMJMhUWE27jM8LmB3UACX4izW4tHMU8LRGPEZKSKTZAQQPKWr3y6lG8/OJLSEoNzO45gKmduzFzxR4cvPVmNMbHZC0PB56ci8srqzh67Cgef+JRPP/ct1B3HWyfnkKLL44m6axxSg2wJvPXHN2j9Jwo/SQuVgchSo0JbNt3NV45sYDnjs1jYtselFvjwtEclVSNR8znK2V5/QKIorBeYIJkRubWmtZMbZmaP1ek0GZk7xdGPo1K9noA05qeEe5dxw8srv814qeFTZaVqzgJIxtTJeFUFljLQaLJo7iojSzjE8O6OX9XU+DJPUKEtnUv68Ob1fOspJUFwKI4gKSpVkrLGhoZVDcAylMpt5tka93wAEWqHhkAFsHPtty142tktDYIGejzEWQHogLtoEXyaVVHr2QOmfXJ3NUoC7X18a0rndYSc7KysbYseBDrBc4FG/P7YPmNG+BvwzcuCoAXaZZkLX2Do/LfJjjMZoHlRidI3RQh1UvSFLWUzlvUOYxQY42vfxZvuWIc339wK8biC3Cj89IQSb0ewkEfcZjIPClTm8XVAc4t+Zhb9eDHLrqdDppuBJfm6cbRrVRpiGZelerQnCWmkrHUQSkaoEKgQRTCC2L4EUCLX48K9u0JnD57Dou9FbQmJtAa62BIj4/IRRSX4cdlnF8Y4ujJRfQT1oQ5T2xKKhLBs5TB2m4NTolSZ4wKmZI7cMTpi4LKBAPSMBwk0RBRbxFpuIgy+mhiBTdftRPXXbkTMxN1DJfOwo0DdGotdBtNtKgKTVtPA4DSGpMiE6NctX9ltsP1ZV3fGKFp2qviBurylgtN2I6lvo+ySM4v94c4/OpRHD96XHQPZ/ZchdaWreiXUsxcvheze/fimutuEJGF40dPYHlxCV995BE8+bUnUK9XMD3RwXB5EaP+qkhlcXpFKjr0PGY9UHh8OgFDebI4LWN29+Vojs/gq19/Hi+/fBzNPVdjx+69qHcmMRy58ro4usfauQAguZOipWlr81Z8wEyEyHbQ4zurBVrqiSVDX0KcQOunmmJrHVvlwyQWWfd3WuPb/EMnzJTGJumtMf9iJqI18fxTabQ2IlGM0hR4am8qSrBG1FNS1Wzky9T91hCVTa3M6AFmw+CmpiYRVUaE1kWj3sCaBmsKrOmmSLgLP1oJ0VaLL4vGrGiq4fFl4bm9SEIDYJ2JPp8ltKnYW60hJPFTPA2q8lX+TlvURpmW70FrHmyCWGK16SjIhcqUajNdOPVBzm+QERvILqo5ZS5ys/6hAFhMic1SW8MX1AaJfjKCDhgBQgGw4rAz6aMRL2N3eRVvv347rh+PMeWuIPXPi4ds2OthZe48nJgTHTVJI5e9GAuei/lBhPmVoYxx1VieZzpJAKTwbEVT4EqiACixEqMhPrvDTWeiQE4ekKNWbmJxpY+0VIdTb8CLI4TJCOPTUyJ4sDRMcOzkPOYXPSbFGATUdeRhw1Euqk5rbZfrh3w26fzykwDIJluVAEiqSkkMxpW3looSNQ2ZGrUYNx/cjt3TNWxpA7V4BY6/BDdcwcz0FCpODe16U8jVNZe6hyXU2dImuZzXl0BgatucsrDKKnwu1v+Y8qocmdb+OOtLbxHaXZKgTkoGpxE4HhjGiRCe5xeWsbi4gnJjApXWFNoz23HOH8CvlhHX6rjhltuxbdsu9FeH+Nxffg6PPPwoziwex5axGVx1YC+iYIjh8gIaNarTUJZfgZfrnOufwg2UH+Oc/dTWbehObsWJMwt47OkXMOh7QHsHJnbtEQAc37ILkVCKCha4socN9csoQUvWVaiDr2FHSA1YccHW/DaP+NYPwmkarPFFHjUWQfBSNBkVOtEASXp+BECTBgs/UcoDZAHwU9NlnZ3X+mCLkvjNqX0pHeTlY40Qqp3kyG0r7TSIvMCMHGn8e833xGnNCA6oHqABQNMEsQAoDQa+aFnbuftbnnqbGV2TQtv0tThTK13g1JFZV6YlHRkCJyVGAZARoIKmTdFth9cSttWWz3a3LQAKAypTjbGNIZ0A0Y/8Rkrv5RIfRe7f5iC4tgmyWfOYmysDwUIkyKdlGkqcoUIyAbAiqsK0ueyjFc3j9u1VvP2G7dgWncUElhEOzqKKGMHAw8qF83Co6NIcExrGSuhgeVTDueUAx8/No9lqo+qM4IwCuDQ+l4CojFqpJGDB/2YUZCXgOdlA2GAKF4xShCN2Exrg+mLkQz2/iOWVShlbt2/DuYUVPHvoNM4teqKYDKcJOC3aJinPT+S2ddROyyxciwRALfJLaaMiOvca3RvxV4mKwyHSqIfts2287Z7rMTtWQu/MYYQLx9ApBZhsl0RBuYQSGtUaZyFQdRI0qVBd4QbR3IldVRsBss5Wq+URYBIz6qPyDgNQBUI2gUIROfWlPkjxVEmXqV0YsvIpcx0i8+/HJdTHZuGOTeDo0gKCZgPO2CRmdl6Gfj/Ak489jUceelScA8PEkwNo964ZbNs2TRYSAr+PQX9Z4hVGfoxOW/RraTbFKpQzyf3+EEGc4lvPvoTTc8tI3Y5GHe0puBOzuOLgG0SKTA8u9QVWhWoajXGKy9TIjWRdpoJk1IbsJJWVA7PgVazjFbdH1jBZk3VtjPxkl5n0+dIbTPHHJL56D3g3hKDNeziCS0dEA4AlCr6yUZiW0WIE2NpyBemeRrba1L5M2isqLYYfqLUuUy/LlBmMrP0aGSvl1SkQqhyW9QXWrFwjQM6wEvg4xqMAaMnVOYAqCOkIXaZCm3WK9fd8DpmLbHcZTQ6BU4FDdCnt35iZZsn/LadPn0+aMLYGaCHGMNqL3S7Tcy3U/ywAsgB/kfC8wEq3N3Oz37Ty9fZnch5u8phrQLAwOaIAyAhQ/6xKBYzEhxOvoOmfwy1bgbdfvw17nEV0kwWk0RKS0MPi+XksnT8nFJax6R0YJhX00zrmgjKeP3IKTz/zPLqT09g+My3AQKl2JkW8mxXXQc3cM+vDKh4Y7IAKADqy6SitRMHkcqOD5d5Q9P0mZmflmi8ur+Cbz72EwagMtzkpwDYK5B3ALdWQUthAxfYK18OkwTLnyn9zOFkpTxSGUCTip7wKOEmAJJzHvm0TKHlzSFaO4+b923DN5bOYqAOVNBTtvBpH+ujx4aSaClfLWloQCzRGgHq4MC1kmijew0zfEoqbUmVENf645WjOTQCMQk9d6bjGxPoylVprmnI9ltBbGWAQpmhv2Y3njp7AI898E/H0Viy7NZxe7MN1mwh6QyANwcHEeoUCC1U029QqLIlcV6fTkE/WXwksuf9IiEQ8hTVqn19YwuGjJxEmpMmMI4liwG0Bk7swsf8mTM7skAiQCjrUHiQABqNYauoq+ZULQNhxUS5TyUJMo1NsBEyAoCUBZSUIHW4TL48cCM1+X7c51kxAXQQBhQYuM/AqwCGEbiHKUwhZa9KUimA0qFGgIywJgiC/CgA2t+zPANDW3mwHVxoTRsfPRkRaL9NCu/AARfXDCiBqFCnkYkOh0ZQ6H4PjfzNtknSXrk2Sitou7NqGhDV1tLPD2pWyzQriuwtfFh7rXpRp4uaxwo1rqTSWr2673TZclwEym/Jnrl5WCiuXurJhenYvTDmhOAlyKaDb7GfymoxJThEAXwsEs8WhDyCHTcRuOlNg6QT7cOMlAcA3bEnwlivGcGVjgNrwDGrlEHHo4fSxk1i8cAFTW7ajPbUd816KhcDF6V6CJ599GV997nlctnUXLt+7C40ylWRS1Flwp4adLDNV/ihVq9K1lDnYxNSdEjY/UgFBct4Igl6UiLfHzM5dIozwyqEjWOgNETnqJULAI8+PfsApfZ2F3lPT92c8ZyUqZPRHmofQm8pwak2ywXUCkLU2Fn1FgTkVcjA5fZ1yCPTOoT1awptu3oddUzVM1oGxFiclSiKDVRZtxARtI4vP1ElqVAQWyosxGnQ1xazVa1IH5bomAFJsgKkv19Io1Qgwisk9DCUlD/oDeW1c+9RjCNggYnG02sbknivx1PMv4YEvP4yTAEJRTq+g3NqGeODBdSrq6udQeLaC7ngTpQoniqh8lKI7ZmqyNWpimloaD0Gh8jgY9FZx4vgJKUMwU2IX3Sl3OAoNlMfg7jyAy6+8SkzeCYCtFqNwF14QiASYbSwVpbHsAc2fMeAQGpSdjzdq41aQgDPbkqmYn2/Q9zNjpJsZIl1qP6kGJne+uu4xqk5QVQUizvjwvjkk4/Pu6fVjFFhOXAXBxDU1wJkDCoCZnJXl8eUAZyO/nCZjpiaEGW84hLaxYA2CrKiCmTIRMrSJ/jg9wDxc1m05b0JYcnUGSIVZYunuGW1BCc8ZMVYqWPVDqRUxAuTFlplNw27X12tH4bQGyjVgeUcEQXXOsDewmPqaEkDBy8DWI7TXZEiXNil+nZMfFujydHhjuGfT3fWRoC2qZ+kBvTCE8A14RkCVOtiVkY8kmEetfwY3TIT4nqsmcU0nRDddQhwsYe7sCQx6XOBdNLsTWOgHCGpTmA9K+Nrzx/DI15/DGW8VndoERtEQ+3dtx64tXfGeYJOABFyJBHi6s0tqxiKJW0FEDtxIjM69IEE4cuDHqZCVuxNTMu1x6PBJ9IYD1JtdsZxUhzFT5zP+0XINKBiQkGdnxiS5pjjuQABk44NK0uUmEsrD0FvCpMLsytJs3KGoQTCEG6+ihR46yTLefPPluGr3JLpugIYbot2syNhblYDBKmSphEaNZuYUmaA3JDUnScQW8woptbAOyDoo086IkS6lptgAofxSQlFYrQGSX5SQx8i6IKdSWAcMIokEeyt9TO7Yh+krrsbv/cEf4Jm5Hi5wJtipIC13gRFTfxVeEDYb55+ZmlcYYVPdhQDryVyzpnrG2EsWGDmMZjRRxsUYwdpAWthz5pPgRD7gmJQlyJ/U1rdJJwwFRtesqsIUrR2ymrlE6SqEseGD9+l/1IeEfjEwMYmdO/diYnwWk1PbUWl0sdgP4NDk3UxLsfMr75yDExIJAm3qAbZmr05jp5opHKuBUE6DocCosNUK2niWCC2RoBmFy6kkegFtHdCqQAuFIov+8iaIBUCbcorqhAElpZkwpOVD6oC2rYaJ6kS5hCUv0PoHiaCGoS5gbvTMrGCpscYwaXBedJV52QLRU3TP1ggc5CF6sTirGdfGG75+1nf9vV9PhF4Lo/rbWvvQOXPLhLePs5YiwzROh+rZBeZ6bfD0H3lC/q32z+DmLQnuOzCJ/Q0PrXgegTePC2eOoew2MbvrSiHoLvnA6X6CZw6fxVMvnMTx+QEG7NzWagiGfXTLKabrwIF9O9Bgg4XgoqMgEnmKQKDLDqKLgFL2/girAx/9YYSF5YFo2VGMlOKoLPV5fiyRE68zlalzupDyL7npMwaRXGMzt21USGiKnlZ52LFeVc+EcGy9WeT+5e8o/hrCCXroYoBJd4C7b9yF/ds6aGMoHe5W3ZUIt0YqSZKgRs3DKhVgTGFdIkCaRzGVUl8PdoEpD8Z6KN8zSficAWYdjdp+FGCgCrOoRovydoLYDzGKEgz7A4R+LAot05ddCYxP4w/+6I/wXC/GCoBhibSfNhAT0CpS/9OqFsUPVPMx14gcKchL8m25tMotldFIYbmrX/HaGaN8j3GyhtMiLn1OWHKwACg6mYbaZnQnBQYLTT/LjlhXxc6TpE2ZE989NJQAqlHBiKGezxb+NHZedhUu23sAtc4klv0YaaWGmDVNk1bJuLQMDAAd0mDa2w+mVNSwQqNWiUXH4Ez0VAA/JTfn6ikcplawsxqAeRqb8Qqzzm9Og9EukkaAWSF13TicBUCJHi2g2a3B11AqYWnga+erxkVLBQzT1ZVZZTt3rDfS3iit62oqb20tM6FVO/4ndYuiMGzucFW8hRdjrOdAlpMBN4KjTcz1EXN6S/4MzMQuBqpC/zXsmIjpKVI0aGQzChAFSyj3z+GK5gD37p/AwfEE484qlueP4eSR5zHW3YKrrn8jlv0RTi56eObV8/jKUy/hpbN9uK1J4d3J62E301vFbNPFu37wPuZz4l0xt7CM1WEg6452lQTAJKUoqSNWm/1hKFFgTFpOlXOpLvyAqSmL9Q2J6kIvwMj3ZMPqvjJjfsa4SaIfoVmp9LxImxFsq/yk1mOFtjwy8yykWB6SRv1aInTBjgDpcAVdxxOfk9uu2orLJipopwO0SjFaNEFi55eS/2kikWBNlJ01tRPDefJVjeyTTF0QBFkPNHqDTP3ZQGAEKF1gkpljKs7ESCRaZmqeihL10pwKGzhuFTNXXoPVUg1/9PFP4uUghU8Nx8oYRklVuoN8bxUGAAk9fT3p7GssJ6x0MwJJjUON0CQIsZGfEccQrb6cQWXiw6KYQxPlWktVkVg7zSJAFSLRymZW75EoMLd6K5oe5U3CjYTn7x7oFR9JaFexh0qrjcgjypMA3kFnxz5cf8MtqHWn0Bu5iMiLNMwRqRSKX3aCTrIIp7X92nTEWou0ogsyVwU9v6x5YAqeAoCGBmNVngVcTBpsO8QqM6X1PzZD+GnpJTKyJF3gXKI+i/6MRabl8tkura1DmhcrKdhCz0OTPK6G+j2ocoumZ0qItrzEXLGmCIA6QWDeuwC7tsltyG+BWkOyS9/IzcBwfQS3MSK8xCSIkcvf7GmlBsufS3hMW0mRtEST2VDMIvwqSsM5bE0WcPO2Ku7Y1cLOMeDcyedx4vCz2DazC/uvvRXnl308/eIxfPWZY3jm6KJoxFXHJiW14wel4eH1sGeyjl/8uXdjuDyHk8eO4+VXT+L42Tn0OHUhikCkHHHDaKuE5FpGRqwRsiCuExLsrhKw2LFVJWsnZGpo+sfC5VIDoayjKxQm3g4tzQgA1ipwaip5JoIPkiSyjKENN95zFQdLkUSeAmDJx9Wzddx02Ri2NUfopgN0ypS+JwCWZSqFneAKa20CbiqqS1CTdSpKPnqvBPMrbIiQjsMMJdX6p6g+qwgnQZDqLXSP03JiSSLAC+cu4OzJk3DdKqb3X4Neo4WP/8Vf4lVvhMitYVSdQMzoj1Qg0zxIKJpK8EvZKbeAxCiO79RG0Lmakia7GgVyVHLth52+MIUWt4kS66jGx0QVrjWjlUxOmiCGB1sAP1l7dmqjqANqKC2vlQl9dyCRi502uBUwkeCYZBiWkaYN7LzmRuy98lrElTZCp4pY5pi5szkhpc0TiQA7O65PKYgoaW0GankKa4VLraCBgpBhfMuJY9JSe3JkumHqqKaiBmsJ0JZOIx1URoBGctumuBaQdIIjV6POANCgOR//wuoQ7VYL3VZT6jOkG0gpIiNuF2k5pg5i+HxFXqGd/JCvEvIXZnwLdcCM1pJJU228lXZxXOomW7C0m8pGjBsB0rhqrftBJggpCzTFyOWplqLBDGkUIQgHwndrDM5iV7mHt1w5hWt2d3Du+Lcxd+YQ9u3Zh9mdl+PkXB9ffPxZPPzsaVyImiiPzwKVJgIvkllfZrjVJMSe6QZ+7qffhdX5czh67DhefPU0Xj0zjwGL3i4FMbgOKEDL+VOVSON7JACwBiYHLAEqcZGSecvIkDQlKi5LnEGunLQbpH6X5W2CfjrqJp3fChsfBECOeumBJ5GfqVHx3vG5peYldBhfXO867hC37B3HwW11zNZYD+2hXWGzgI2QKuqVEqqugyrnX0mmLqsvhjyO1Io1EKK8PP+LAMhusAiJigCsZJvCQGBHmCCoUyJMd9mw0JR9YX4RRw8dEquCzu69mCtV8JkvfAnH+xyZawOVccTsDMr5w/SVkR8rWVTDMWCWKQixVGKzCN2Llo0qo2FM2w1o6/KxR6m5nnJN69KckpE/09jKxAdkL2gX2H7IHjQgJ2vWPGRWVzfqLpsZlX93QK/wKIx2S64cNOxsE1fIOAh9B+jM4Ibb7kJnejcCp46I8mCySpQ6zdFPiQDbO65PR6yjyAItNAGMkosFwKIclXaETJPASNsrHT0nQWt6UgRzAAAgAElEQVTN0AJYTn5mI8ScbUqXKWt6a42Xs1DedJg1Dbey81Y7kIuOBecU831fzKAJgBKyM7IwNUitZVpRB6tyY5aCgGB+alpmu/r0rh2Ds51ee5NtOVmGhgrM9X/MqUfemFKq9aP4GMWUeDO8FeoDdx+Jv+Q7JYkAIL96lHwPVzFaOIkx7yzeemAKN10xiYVzL8JfOYu9O3ei0R7HmQUPDz76bTx5eBm90qRYJnJTcP+QBsHFNVYv4YrZDn7o+96EwcocXj50BN9+9QyOnFtGudORWV0uKwKgEGWYhvJ/bAQkERzeY0ZjNPGN+V5VxNblGFPA31EAZI0rpXK1OjiZqSZTF5RGCNu1rD2ya6HS7ZywEF9okf1XoyjlhRml4sgHvFUZg7vzwBYcmHKxtTLElDtAs5RIGs1oj9aSjAQJgKz/qQiqNugk7pO1Qkyiz28sXWBSYlRQV533CILylUBIDmCsfhSc65XnqTbQ63s4eewEDbnhTEzhmQtzePDJpzHPmqjThlMaQzJix5iHOVNeTkNT6dXT6E+AUQFMch0z3qVxqa1XW1A019FEw3nTwuopqnp2SUoYugJVwZ0HV6ygqMCg8GnTSJN9CAYUWUrfdYR7rQd0EAUjlBt1JgXwhn2hKskB4rax4/rbcPlVb0DgtBA6dVmbcs1k+DdGO1mAM7b7ppToKJFNQQk5Mz0qRHQs+tpISS+xlcYxml8GAC1R2hKhJYqzatD8G3tS8QKKyJw2OzTp0tfBjq/I78gBpJ0k+b6pBfL7VLJYDSJ0Wy0xQrc1PSuiIB1fUacxBeLizcoaH+bky6gwtgerXzeCn70ppgFyiUjwtQBREhVzQkvUWGiqrP9bO89YXBL8ew4Bcu3TGaIkAMgBecBjThANkSyfRXt4HrduK+PgrhbCwQmUR6vYNbsF1UoTR88s4++++gy+fXaEsDmDkHWUUh3lclXUkBlpEgAv29rGzQf3Io08vEgAPD6H+V6E6viEdGM5f2pVqKXonsQi3Y6UAGiiGT+k3pOAgah0iEWH+pXEBD5+g11fq24tu0vTwexQkvUiHA/RomTtUR6PgGUAUJ+N13MERD4cfxXttIe7rt6CfZ0Is9UhpktD1F2ZAZMxMAIgP2tiyGU5bcpnFY6fTEqoxBhfH7mQ4gfCaFfWqQVABUMxOyc1xhgSkbYj1pcjYH5+SU2OnDI+//Q38BQ5eiwNEADRFBAvO4yqfUl9UwE/gqBNf124KaNeTXVl+iEDQKvradZnRrOyf2u6wBRLMJNWnHeWWqGZjpLJHtpJZg3JHPysCIH0hM38/ya939dCru/KzzXjIA+S9ytAOvLglklZYumiDtSm8ebvfxd8dBCCog+sGXO7JCinBMBFAuDNKaV5FOGtKICZfrCpn1F9UZoKTwWTZiRKC7BNEKscYcdorFqMSBVlniAqUaOnB0eleIprTdHGQZb3x7RBAVAnOfhvVeRVYCSvKUyAJq0Aa7VsuNoCNQmROi9siinmsgtAFzq/+clIrFQLybwTrf8ujsCtuXuXAMD1Ed36u66HiIX9tSoY63+3CIBZ+iyz3hYANQKsmdpRwEgl9uEtnUXTm8ee6hB7Jx003BWMN0a4fMcsOt0JfOelE/jsg1/Dq4sp6jN7EKYciyOlSA8UEmOT0Md4DdixpYNmzcWxU2dxctUHam0R3iQAavRRmLoR83WCMGtXrFMpWVcu14iqxvy31gLVpJ1kYQOA0vkx90DGl1yDieYgk4OWS5nRYEOA0EaAkvkJXUO1CR0CcNjD2GgVd141jT1NH7MVD1vKPmpuiLSiWn8Ev1atigbNj7KLr3Vt1vW0DGlMgMiFpEse64TUnpTJCY38OC8zShypfwZUiA5J09J9w4yHY6erfR+o1HF24ONPv/AQDq30JGIBoxShv3DCp4Ek9ZBiyTQ/FKA0+uMhx6+2A6xputwDaY7kGph6sBrwM9MbYhZGABQdTnVEVFWbRKJ1ESogA0E4fGY2PpPKM/vBhiQmOxbCtMljpJQmGn363Hn13TYi8+ZinpabUEOCgGK70gRFWSE8r2ESAOE2NVp1fDSaLoaDZeGC1qa2IfCquPcdPwUfXcSg8RMjQA1rWAdspwtwJnbfktK3wVRqjUiAiQbJYtdjQU5ZPcpNo8DU5pTyYmgl/LfhDtn6HzuzNjyXWUIDfgI0BFjm8KYmpy5UuYSWPleu08d0j+mux0gCNMqO0Gi2VJk4M1630yx2jEffg4o86FXUaFcvM/+u2PCwEa4tbqylNr121Le+A/ZaUaDuNVXGkMjlYsowpha9FhitIY1UfGTjaIVGgbXsxAiHSxgunUMrXMS4MxQ+3PaxGq66bBu2bp3FMy+ewN9/9ZtiNYl6B061iWqrI0Kz9NglGZZRYFmaLDHSEZ3NQhlrI8ePdpayEG1tWJoWjCCY/rGepxMJduEJUZlX3AYo/G9uOFIwePKQxCwjbWZrGCC05Qe+U+VD8u+o9kphBJXksuofMi0o9zqRQ6A0GmCqPMTB2Rqu2VrFTNlDO1pGqxyLxmq1WhJ1ZabATXrKMPtgnCBkW0aARpDTKCBrJ5hiwFTHMYZigusqUc8JGC92EISsA8ZCYI4jH9VGQ0RRfZJxW+N47tgZfOpLT+A8JxfFjrYuJGgk3GcMShhBnzMAKA4dRvEkP6Al2ZcDRhVh4nAIh4eXW8Z73/c+aRD+7n/+HR0dNCOhcrB1WvB7nDhx0O40cfnle/De9/4kbr3lDRgMh/jOd57DJz75AJ578ZBWzch+4sElUbfe41LZRaPqYnXuAmrdCe1bCU7LKYdySdtRfO+zW7fgZ3/mZ/Dt517C5/7mQbNmNCrmGGS1XpG10qiVxPCd5ROWGXiA3Hbbrbjt9ltx/Q034p9/6MMYeCwL0Ku5oXQq4fjFSB1dc8opLWPkjuPud/0MPKcDpBaHZJfBoR4gI8CJ3bemIwKgcB9lFCLTANNaq5ql8MSg7BBTHevspjU07Y5qVGUAsKgryLTZ+oFY8DRpsKQXRg9QlWk1FZYJE1PPsAIJPKW5EBskN9JoOgGWhj463a5x68rB2YqwavSYj8Llm8iAIMdIs8KxblFp8PB9ZFFgEXKs5E7+vSLAbdb+f30AuHntzz7LxQrKekwpuNgULKsmZoDlIegvoRb30E49uMNFdN0Iu6e7GB8fx7Hzq3jiW69INE3rRjY0yo2mGG47nKyxEb6trKVM60IBLKEcSf24QI2y8Cu1MkNIllBAN4Y0JoxTm5WUMkO0LJxJHU+kjGxexf+2hXWDnDL0bkUSZH2SyG/H4UwEqMcJ3NIIbkQeYB8Hpsu4draOaXeITrSCbi2Fy0ZICTIOVzcgyNlgrgutVWuEyrWn9C9T6hYAZP1aa4PMTEjoZkTMdHYodCAVRpCpSxYrXBc+yeIoIyg1cPj8Mj714OO4EKqVKIVfuXGRMqKmAxyj5xNS/3PsfDSvYcEbRkJjub60xKzgrjfdhQ9/+MO46+43iXrM0SOncdMtd2G42hNgoPBqQOCrliXi3rtnF57++mPodDULZE1aubC8HQn+7u+/iPt/4v1iNEVmQLXRFIkvGSONQyT+ABNTk3Lr+qsDVBt1NOo1rCzOoVor4f3vuR+/8PM/i/1XXCFZ2kc+9mf44L/4l5KOcmSSlKjhah/VJq95Am91EWNjLUx0W/jEn34Ut99+M+Tp2D9LgX0H3oAzp86h1u4i9EOUSIkygKuKMCpP76YlRO4E7vzhn4XndE3EbGJRTUPQThfhTO25LeU4kgCf7btbjpwVODApsEpf5YrOtiurQJkD52YpsFAVTNRoU2ApMHPguiCmKOKkhoystUC2tVn3prSVih5wxdHweL43xPTkpHQdZVZYS5w5f9GG7da0qdDNyoq+XLiFlNcCoKT5G4ob2nEtfvv1zCyujdrWxXAXqftdkl+YyVSzCG5Jv6peLQoZJo1gPEIicBoOUE881JIhRivzKAUDTDaontPCXC/AS8fOShRND1tKs7M+5Um9wdCIbNdduGUmSpPk2xWhAwFCE9Vpd9oCnRbhrVeJgp9GfDYdTtkltlFgrNEficOa8isYFj9sc8PKKKm8jxqkywFnU+ACAJZHQzGAv2LCxXXbmphyBmgGSxhvqs8J1WNqJVfI0IwCGxQ8MPVPAQUBewVivRS0W6Rmnk7hCEeV65ZS9KWGmEENIwcedSopFsHIpk5zeA9uvY3QraEXl/Dq+RV8+u8fxVyYqoUBp0A4/SFgR66kByRHJQK8OAAm2HPZ5fiN3/g1/Pi770en2xbANQmBTN1cc+XVqI9tQTAYotHtynsYLM7hpltvwdce/2L2+/Y609WOkaP9+Pgn/hy/+MFfh9cfwqHiNGknYYgSPaLLjvA5K40WgqGPZruN6w4ewL/+rd/EnXfcikrFEb8YVfVx8MkH/hzv/9lfRmdiC1ZXPdFKJNuA4rytdh1cs2+990585I//b7SanEXWjN62dXbuuwHLPU+UbqiAo/tPAW0jAE7izh9mBHgJAJzee0cagSGznVjWmpvEFZLSavdN5e0Jftrls7JZWe1uvSCqMRsS/wQz5mTlsHi6Cl9PBFGNJ0hGsNb6hTVXIuCJ2CmlrczVYNrqhxGWBh62TE2reKOpCyotoqDubGuNsnJtepjXBKUWaQCQ/84Mjy4CgPnpeylYe/0/Wx8hXixi3BwQGSpZAGSkQmwx6b2knQSrWMy+q2mASuxJR9Txh2iVgHq1oj4ci6vib0vAo7hEuVYXBzZ2PrMJApNj27aQdh9VjVnSTR0azSopyiWjqrIUoXRDSm3JLFoCHR/BpL0CgjLHmwOgFFfWjVepkKb5tDUxZibUEDQUJpsCSzqUhKiWIlT8ZexsxLhhZwez9Rj1YBntUizSVyS7CAG65KBJUjRN4IWZoC5+5CVKrdX20swUIP1RRIzVSEWJHH2lJVEgAZBTMSKSGoVoNqsYeh7cRgdRqYHAbeLpF47g/3n0W1jgzHQGgHxTjMbqnAsB0mMGABnpKLLla5CpXBlHjx7Grt0zJmrL6bgcRTx39jyuue4NMoXDTGJkJPwZvT7zjSewb+8uoVZGUYLf//3fw0c+9if40K/9C7z7x9+ttUZ6Kocppmd3i0ZhvcmSB+97gigIUCm7QvNhhjjWHcP8hXkM+iekR8WPApkMUTTCX/zV5/AzH/gg4pGLZmcMw2GAeqMm1yiJAxy86nJ87fEvyZQlp2VYFjt56gweffwJfP3pb+H3//Aj4q3cX1hGbXzCAGsOgHJ9WL80EeDdP/JzGDpdWR82OTeFaBMB7n1jToMRYUW9oVYlJRM1yKTvDSBa3UBz3GgDxSot2/lezjDaG6f1Pxaui/4bTIFlAWUUHGusriDGyI+huIhQGncoguGKyAmNMDk1ZeZ/WXyWPrYCqCFBazqsoF4MJuTktqBowG49AOqmLYLZxhT49UPdxX9zM9B7PamzSDC5lkZDf2GNWmWG1ugFCoRJR5i1sBCVOEDKSCSOZJH2PQ+rQ2rxqaoMtTVEA0+6n8XCY95Ct5GZbTZkF1bqv5Y1oQmkPbstaGmulw9mSbQnqTLrhQqCEgUaDTcBRPs4ojuYu4JZIy7ZqBKB5h18jUpTpJGPSjlByV/GeNrHdTva2DtZQwceavEQDZdj9DEqbiozwRyLq5YciWyo+CKvm5QeHiiieUcAyuXyU0bJFvg5mldpitIzDaGCKEVEsV56d1TL0hihR/KIRkWNcXzuwUfx9VdOYDXhfmGAwTXO180IkCBIAGQESC4gC/iamhYPYab+hw6/hL17t8vPFhZXZISx2WQTCzj86incfMud8Ae+yuYLwZvcuQgrS6eEUcRr99gTX8f3vf0HMGLnHil++9/9B3zwV34lu4P33vdP8NQ3nkWt3sBgtYf2ZBf33n0nvvCFr8hei+nRHESoNhtYXXglA7/jx09j+7YZ4U3y9dgU2C3XZGKIGopMxZutOpw0xiNf/ltcf+2VCMMEtaqL97zn/fj0n/8lugQ7lOBHI/h+hFq7I1Jk+YdGgPpBPxxK/k/g7h/+2YsAYKI1wOl9d0oKrCU8BTCJpkQE0vCKChGgJTbbCRDNCSz3zsjbm1NRaSsKgJmsVdYE [TRUNCATED INPUT, maximum 50000 chars per cell]",Bernardo Faria BJJ Fanatics,https://www.youtube.com/@BernardoFariaBJJ,8 months ago,9.2K views,Mon Apr 10 2023 06:32:30 GMT+1000 (Australian Eastern Standard Time)
Passing - L5 - Roger Gracie Half Guard Passes,https://www.youtube.com/watch?v=NRVxcdnMyWc&list=PLBXsJUsJ167nJ62fjSg5CgHSNyJ6rHVwx&index=31&pp=iAQB,BJJ - Half guard - YouTube,https://www.youtube.com/playlist?list=PLBXsJUsJ167nJ62fjSg5CgHSNyJ6rHVwx,https://i.ytimg.com/vi/NRVxcdnMyWc/hqdefault.jpg?sqp=-oaymwEcCNACELwBSFXyq4qpAw4IARUAAIhCGAFwAcABBg==&rs=AOn4CLAh54NeA1immKuXKhrhueH4vsA1fw,TrumpetDanBJJ,https://www.youtube.com/@TrumpetDanBJJ,12 years ago,123K views,Mon Apr 10 2023 06:32:30 GMT+1000 (Australian Eastern Standard Time)
Fix My Game: Pressure Passing & Collar Chokes With Roger Gracie,https://www.youtube.com/watch?v=CaZZ82ttBYs&list=PLBXsJUsJ167nJ62fjSg5CgHSNyJ6rHVwx&index=32&pp=iAQB,BJJ - Half guard - YouTube,https://www.youtube.com/playlist?list=PLBXsJUsJ167nJ62fjSg5CgHSNyJ6rHVwx,https://i.ytimg.com/vi/CaZZ82ttBYs/hqdefault.jpg?sqp=-oaymwEcCNACELwBSFXyq4qpAw4IARUAAIhCGAFwAcABBg==&rs=AOn4CLBQIHd9eEevXS_posDtW7PppPqoCg,FloGrappling,https://www.youtube.com/@FloGrappling,1 month ago,61K views,Mon Apr 10 2023 06:32:30 GMT+1000 (Australian Eastern Standard Time)
HALF GUARD PASSING SECRET!!!! Atos Jiu Jitsu HQ Techniques,https://www.youtube.com/watch?v=pv-pJarhbro&list=PLBXsJUsJ167nJ62fjSg5CgHSNyJ6rHVwx&index=33&pp=iAQB,BJJ - Half guard - YouTube,https://www.youtube.com/playlist?list=PLBXsJUsJ167nJ62fjSg5CgHSNyJ6rHVwx,https://i.ytimg.com/vi/pv-pJarhbro/hqdefault.jpg?sqp=-oaymwEcCNACELwBSFXyq4qpAw4IARUAAIhCGAFwAcABBg==&rs=AOn4CLAdp2toZpB8raO7BfHjTeQWO524VQ,Atos Jiu-Jitsu HQ | World's Best BJJ Academy - Home Page,https://www.youtube.com/@atosjiujitsuhq,5 years ago,159K views,Mon Apr 10 2023 06:32:30 GMT+1000 (Australian Eastern Standard Time)
Professor Queixinho Half Guard Knee Shield Passes |Learn how to Get Out of Your Opponents Half Guard,https://www.youtube.com/watch?v=sHs5pcKZmCc&list=PLBXsJUsJ167nJ62fjSg5CgHSNyJ6rHVwx&index=34&pp=iAQB,BJJ - Half guard - YouTube,https://www.youtube.com/playlist?list=PLBXsJUsJ167nJ62fjSg5CgHSNyJ6rHVwx,https://i.ytimg.com/vi/sHs5pcKZmCc/hqdefault.jpg?sqp=-oaymwEcCNACELwBSFXyq4qpAw4IARUAAIhCGAFwAcABBg==&rs=AOn4CLCk2xFIY4HWwadN1RB5MDyWspq78w,Quiexinho Online,https://www.youtube.com/@PhoenixBJJMMAAcademyGoodyear,3 years ago,10K views,Mon Apr 10 2023 06:32:30 GMT+1000 (Australian Eastern Standard Time)
Rafael Mendes | Details Passing Inverted Half Guard | artofjiujitsu.com,https://www.youtube.com/watch?v=8Y8bcLPyTJg&list=PLBXsJUsJ167nJ62fjSg5CgHSNyJ6rHVwx&index=35&pp=iAQB,BJJ - Half guard - YouTube,https://www.youtube.com/playlist?list=PLBXsJUsJ167nJ62fjSg5CgHSNyJ6rHVwx,https://i.ytimg.com/vi/8Y8bcLPyTJg/hqdefault.jpg?sqp=-oaymwEcCNACELwBSFXyq4qpAw4IARUAAIhCGAFwAcABBg==&rs=AOn4CLCa_lhzNo6Ep-h7AfHnpiK4jeA7aQ,ART OF JIU JITSU,https://www.youtube.com/@ArtofJiuJitsu,5 years ago,169K views,Mon Apr 10 2023 06:32:30 GMT+1000 (Australian Eastern Standard Time)
Half Guard Masterclass with Adem Redzovic,https://www.youtube.com/watch?v=ERXaDACrE7Q&list=PLBXsJUsJ167nJ62fjSg5CgHSNyJ6rHVwx&index=36&pp=iAQB,BJJ - Half guard - YouTube,https://www.youtube.com/playlist?list=PLBXsJUsJ167nJ62fjSg5CgHSNyJ6rHVwx,https://i.ytimg.com/vi/ERXaDACrE7Q/hqdefault.jpg?sqp=-oaymwEcCNACELwBSFXyq4qpAw4IARUAAIhCGAFwAcABBg==&rs=AOn4CLDEXVkXqyXdeb6kl0r3guEKWIFjrQ,Adem Redzovic,https://www.youtube.com/@ademredzovic9855,3 years ago,47K views,Mon Apr 10 2023 06:32:30 GMT+1000 (Australian Eastern Standard Time)
Passing The Knee Shield With The Knee Cut,https://www.youtube.com/watch?v=1TA45bmXytc&list=PLBXsJUsJ167nJ62fjSg5CgHSNyJ6rHVwx&index=37&pp=iAQB,BJJ - Half guard - YouTube,https://www.youtube.com/playlist?list=PLBXsJUsJ167nJ62fjSg5CgHSNyJ6rHVwx,https://i.ytimg.com/vi/1TA45bmXytc/hqdefault.jpg?sqp=-oaymwEcCNACELwBSFXyq4qpAw4IARUAAIhCGAFwAcABBg==&rs=AOn4CLDJGERp2IImCZQtjh94Z_hnvzz8Hg,JonThomasBJJ,https://www.youtube.com/@JonThomasBJJ,5 years ago,26K views,Mon Apr 10 2023 06:32:30 GMT+1000 (Australian Eastern Standard Time)
Knee Slice Pass & Combos,https://www.youtube.com/watch?v=3yyc7ZdoBVY&list=PLBXsJUsJ167nJ62fjSg5CgHSNyJ6rHVwx&index=38&pp=iAQB,BJJ - Half guard - YouTube,https://www.youtube.com/playlist?list=PLBXsJUsJ167nJ62fjSg5CgHSNyJ6rHVwx,https://i.ytimg.com/vi/3yyc7ZdoBVY/hqdefault.jpg?sqp=-oaymwEcCNACELwBSFXyq4qpAw4IARUAAIhCGAFwAcABBg==&rs=AOn4CLC8SqIriMYyDTbZTSdRN-uIT8J8vw,MMA Leech,https://www.youtube.com/@MMALeech,6 years ago,58K views,Mon Apr 10 2023 06:32:30 GMT+1000 (Australian Eastern Standard Time)
Free Technique: Knee Slide Pass (Guard Pass System) | Gui Mendes | AOJ+,https://www.youtube.com/watch?v=80y0o5fMEKA&list=PLBXsJUsJ167nJ62fjSg5CgHSNyJ6rHVwx&index=39&pp=iAQB,BJJ - Half guard - YouTube,https://www.youtube.com/playlist?list=PLBXsJUsJ167nJ62fjSg5CgHSNyJ6rHVwx,https://i.ytimg.com/vi/80y0o5fMEKA/hqdefault.jpg?sqp=-oaymwEcCNACELwBSFXyq4qpAw4IARUAAIhCGAFwAcABBg==&rs=AOn4CLBsp1meaen9toVJYweefoYX-XUH7g,ART OF JIU JITSU,https://www.youtube.com/@ArtofJiuJitsu,4 months ago,23K views,Mon Apr 10 2023 06:32:30 GMT+1000 (Australian Eastern Standard Time)
The BEST Way to Pass Half Guard!,https://www.youtube.com/watch?v=wMyuAA699As&list=PLBXsJUsJ167nJ62fjSg5CgHSNyJ6rHVwx&index=40&pp=iAQB,BJJ - Half guard - YouTube,https://www.youtube.com/playlist?list=PLBXsJUsJ167nJ62fjSg5CgHSNyJ6rHVwx,"data:image/png;base64,iVBORw0KGgoAAAANSUhEUgAAAUAAAAC0CAYAAADl5PURAAAAAXNSR0IArs4c6QAACi5JREFUeF7t3WGSHTUMReHJCrL/1UIFKAjJzHvdbluW5I+/dNvSufJpT1Iw375///7Hh38QQACBAwl8I8ADUz+k5R9f9m+H9KrNHwTuJ55GgPdLFzkCcQTMZxzryJ1iBLhielasGUneXggg8JpAwBmPEaCgEXhFIGDQBYDAZwQI0FzkIECCOXI4rIoxARrWw8ZEuwj0JDAmwJ4s1nXlgzGFLYxTMFrkJwIEaBwQQCABgT2ftwYC3AMuwcQoAQEEHhJoIMCHBLK8zuNZklDHQQQIcHHYvLYYsOUReECAAB/A8+obAuxvRJITIMDkASkPAQTWESDAdWyt/BcB10CDkJcAAebNZlNlkcKK3GsTzubbVk+QAJsPaHx71Y9EPDE7XiSwYLQI8CJ7jyGQj8ACI+RrcmlFBLgU78XFzfFFUB5DYC6BCQJ8eHofvj4Xh9UQQOAkAhME2AQXETcJUhsIXCdAgNdZeRIBBJoRIMBmgZ7Yjsv7ianP6ZkA53Bsuwq5tI1WYz9+a6Bfi2kOEECgGoFZH2YCrJa8ehFAYBoBApyG0kIIIFCNQC0Bzrr3VkupYb2ibBhqwZZqCbAgYCUjgEBeAgSYNxuVIbCZQP97OgFuHjHbI5CbQG8JzhFgb0a55/OU6rbP2LoC1q18ynCM9zlHgOP7exMBBBDYRoAAt6EP3NgVIwY2zv9yroKCAGOOxpJdqgzZkuYtisAFAu/OCAFegOiRFQTejeaKPa2JwP8JEKCJQACBKQQqftI2C7AisimzYpEqBIxolaSG6twswH9qNmRD4XkJAQSeEcghwGc9eBsBBBAYItBWgC6VQ/PgJQSOItBWgEelqFkEEBgiQIBD2LyEwCABP5oMglvzGgGu4WpVBBAoQIAAC4S0s0QXlp30k+3dcBgIMNmMKQeB0wlEepYAT5+2Xf1HTvmuHu2bngABpo9oV4EMtYt82L4i9nuBw4bNRgikJrDChivWnAvRDXAuT6shgEAhAgRYKCylIvA1gfy3rYzpEWDGVA6uaewYj731Fea5qx0c5kd+kgR48nzqfSGB/Id/YfNllibAMlEpFAEEZhMgwNlEN6znrrEB+s0tZXQTWNDjBBgE2jYIIJCPAAHmy0RFAwRiblgxuwy0X+6VLCQJsNzoVCk4y4hX4XWtTlSvcbr61GQBiucq+C7PSbxLkmf2MVmAZ0Ic6Zo4Rqh5J4TAv8PZf0oJMGSibIIAAlkI/Kx1AsySijpuEUh1N0lVzC2Mxz9MgMePAACpCJBpaByvBSiM0DA+Cvy3k8FAbIfAUgJugEvxWhwBBDIT+EmArnuZg/q7NhkNZwTdMLrOL7oBdk5Xbwgg8JIAARoQBN4QcHnsOyIE2DdbnSGAwBsCBGhEEECgNIEnN3QCLB294hFA4AkBAnxCb+W7Tz5rK+vyN9FL6Vo8lsBGAaY94bEJXN0NrqukPIfAZQIbBXi5xvsPFpVF0bLv5+MNBJIQeCnA3gdyUXeLlk0yL73LkF3vfD/prucNMDBGZyYQtq0QmEyAACcDtRwCCNQhMFWAbkN1glcpAgh8fEwVIKAIIIBAJQJJBeguWWmI1IpAVQJJBVgVp7r7EfAxrp7pqwQJsHq6YfUTQRhqGy0l4JciLcVr8VUEKHgV2XPXdQM8N3udH0og24dkZz0EeOgh0DYC7QgMmLS/AAegtBsM/weXYpEa2qjA+gswiqR9EECgHAECLBfZuoLdO9axtXJOArkE6ATmnBJVIdCUQC4BNoWsrVMJ+KJnT54AsyekPgQQWEaAAJehtfAaAm5Va7ieuSoBPs7dgXyM8MYCaN+AtenRShkR4KYhsS0CCOwnQID7M1ABAusIVLqOraPw5coEuAG6LRFAIAcBApySg8/sFIwWQSCYAAEGA7ddBAEfpAjKWfe4kz4BZk1RXQhUJ3DHRJt6JcBN4G17lUCBU3S1Fc+lIxAnwEJzXKjUdAOlIAQqEYgTYCUqmWtl58zpqK0YAQK8GBjvXATlMQQKESDAQmEpFQEE5hJIJkD3rLnxWg2BQgQ2HP9kAiwUllIRQKA8gUEBblB1edQaQKAGgZNO96AABVmDgCozEzhJNFlzaC3ArNDVhQACOQgQYI4cVIEAAhsIEOAG6LZEAIEcBFIJ0J+J5BgKVWQn4KTMSiiVAGc1ZR0EEEDgCgECvELpi2def4c7faU79fIgcK+2I0CA7SJd1RAJriJr3X0ECHAf+2N2ps5joi7XaGIBOjblpuluwSK+S6zl81+NQcR4JBbgnKwjIM6p1CoIIBBNoL0Ao4HaDwEE6hAgwHdZDV8hh198V5F/n4WAiLMkMVwHAQ6j82JaAsSUNppshRHgP4k4M9lGUz0IrCdAgOsZ2wEBBJLcMH4tgwCNJgIIHEuAABtGn+Rj25CslroRSClAB3jimIE5EaaluhFIKcD3kBuc6gYtvM+p+BMyKh7g+/L/J0B5vwf22xNdoXXtayDi9q8cnHXRG2D7kdQgAggEECDAAMi2eEjg4BvKQ3Jef0OAAI1IKAEuC8U9b7OmwRHgvBGxEgIIBBN46mUCDA7MdgggkIfAQQJ8+q3IE9pQJYe3P8TMS+0JHCTA9lnGNbhCpivWjCNip6IECDAgOGc7ALItEBggQIAD0LzyKwGKNxM1CRBgzdyGq6aqYXSpXpTjnDjyC1DSc5K2CgII/EbgSwHyjmn5ncDYVIy9hT8CFwk8GLD8N8CLDPI99iCVfM2oCIGWBAiwZayaQgCBKz/BEKA5QQCBYwkQ4LHRaxwBBAjQDEwh4E88p2C0SDABAgwGbjsEyhNo9LUjwPLTqIFWBBrJpUIuBFghJTUi0IRANr8TYJPBytBGtuHOwEQNuQkQYO58VJeKAMWnimNCMXMFaD4mRLJyCQGtpDu+tlzG2T17c64AH9ViCB7h8zICCNwmkEiAt2v3AgJzCQR8gwO2mMuk+WobBWgUms+W9m4S6H0icna3UYCvpiMPrDyV3DxNHkcAgbcEkgrwbd0eyEjA1yJjKuE1pR2DTwojwPDxsGE9AmmP9EaUPZgQ4MYRsvU9Aj2O3MfHR5tGLuaXuF8CvJhhvscST1U+WCraQaDAiBLgp4NRILkdA21PBJoRKCZAYmo2f9oZ/onYWZgxPMUEOKNla6wn4HCuZ2yHGQRKCNBxmhG1NRBA4FcCJQRYPjYGLx+hBnoSyC1A4ng+dRg+Z2iFtgRyC7Atdo0hkJDAgR9LAkw4h0qaQ+DA8zwH3EGrEGCCsHsc1B5dJBiHg0rYPzMlBLgfU+BMHtXsRK64TYR5zlIlBHhOHDpFAIFIAgQYSXvBXq8vPq5FC5BbshEBAmwUplb+I0D9puEKAQK8QskzCCDQkkAjAeb/5uevsOWMawqBLwlMF6BDbtoQaEDgkIM8XYANotcCAggcQoAAvwj6kA/gIWOuTQQ+J9BDgGxlvhFAYIBADwH+2jghDoyCVxA4j0BPAR6RI8sfEbMmlxL4EwVgwbThd1pPAAAAAElFTkSuQmCC",TeachMeGrappling Coach Brian,https://www.youtube.com/@TeachMeGrappling,2 weeks ago,14K views,Mon Apr 10 2023 06:32:31 GMT+1000 (Australian Eastern Standard Time)
6 approaches to passing the knee shield (Lachlan Giles),https://www.youtube.com/watch?v=yZ4mrxCUl_Q&list=PLBXsJUsJ167nJ62fjSg5CgHSNyJ6rHVwx&index=41&pp=iAQB,BJJ - Half guard - YouTube,https://www.youtube.com/playlist?list=PLBXsJUsJ167nJ62fjSg5CgHSNyJ6rHVwx,https://i.ytimg.com/vi/yZ4mrxCUl_Q/hqdefault.jpg?sqp=-oaymwEcCNACELwBSFXyq4qpAw4IARUAAIhCGAFwAcABBg==&rs=AOn4CLD1NVw-zKfHuFA-ac4tqT1t3SYLAw,Absolute MMA St Kilda - Melbourne,https://www.youtube.com/@AbsoluteMMAStKilda,5 years ago,200K views,Mon Apr 10 2023 06:32:31 GMT+1000 (Australian Eastern Standard Time)
Single Leg Half-Guard Sweep Grabbing The Pants by Leonardo Saggioro,https://www.youtube.com/watch?v=MWWO43BpaRY&list=PLBXsJUsJ167nJ62fjSg5CgHSNyJ6rHVwx&index=42&pp=iAQB,BJJ - Half guard - YouTube,https://www.youtube.com/playlist?list=PLBXsJUsJ167nJ62fjSg5CgHSNyJ6rHVwx,https://i.ytimg.com/vi/MWWO43BpaRY/hqdefault.jpg?sqp=-oaymwEcCNACELwBSFXyq4qpAw4IARUAAIhCGAFwAcABBg==&rs=AOn4CLCEB7W0tOgdVZbdSCocQY1ix6m4ZA,Bernardo Faria BJJ Fanatics,https://www.youtube.com/@BernardoFariaBJJ,5 years ago,35K views,Mon Apr 10 2023 06:32:31 GMT+1000 (Australian Eastern Standard Time)
Three Half Guard Details For Every BJJ White Belt by Jake Mackenzie,https://www.youtube.com/watch?v=luI8m0OHcJY&list=PLBXsJUsJ167nJ62fjSg5CgHSNyJ6rHVwx&index=43&pp=iAQB,BJJ - Half guard - YouTube,https://www.youtube.com/playlist?list=PLBXsJUsJ167nJ62fjSg5CgHSNyJ6rHVwx,https://i.ytimg.com/vi/luI8m0OHcJY/hqdefault.jpg?sqp=-oaymwEcCNACELwBSFXyq4qpAw4IARUAAIhCGAFwAcABBg==&rs=AOn4CLBET-TRaLfjRO_zBYHVTC8T0V7U6A,Bernardo Faria BJJ Fanatics,https://www.youtube.com/@BernardoFariaBJJ,4 years ago,14K views,Mon Apr 10 2023 06:32:31 GMT+1000 (Australian Eastern Standard Time)
Back Control Escape Going To The Deep Half Guard by Jake Mackenzie,https://www.youtube.com/watch?v=lc7EH1u2LVg&list=PLBXsJUsJ167nJ62fjSg5CgHSNyJ6rHVwx&index=44&pp=iAQB,BJJ - Half guard - YouTube,https://www.youtube.com/playlist?list=PLBXsJUsJ167nJ62fjSg5CgHSNyJ6rHVwx,https://i.ytimg.com/vi/lc7EH1u2LVg/hqdefault.jpg?sqp=-oaymwEcCNACELwBSFXyq4qpAw4IARUAAIhCGAFwAcABBg==&rs=AOn4CLDIjw63kPK6ZJUWq2kPXtjBYgiX2g,Bernardo Faria BJJ Fanatics,https://www.youtube.com/@BernardoFariaBJJ,4 years ago,12K views,Mon Apr 10 2023 06:32:31 GMT+1000 (Australian Eastern Standard Time)
BJJ Tutorial: Tripod Passing | How to Beat Low Knee-Shield,https://www.youtube.com/watch?v=rq-WsJaVd_g&list=PLBXsJUsJ167nJ62fjSg5CgHSNyJ6rHVwx&index=45&pp=iAQB,BJJ - Half guard - YouTube,https://www.youtube.com/playlist?list=PLBXsJUsJ167nJ62fjSg5CgHSNyJ6rHVwx,https://i.ytimg.com/vi/rq-WsJaVd_g/hqdefault.jpg?sqp=-oaymwEcCNACELwBSFXyq4qpAw4IARUAAIhCGAFwAcABBg==&rs=AOn4CLDBZnSEPZxpEByKWk9K6uY4lp_CgQ,Movement Art,https://www.youtube.com/@movementart4763,1 year ago,2.6K views,Mon Apr 10 2023 06:32:31 GMT+1000 (Australian Eastern Standard Time)
JIU JITSU - HALF GUARD TRIPOD PASS,https://www.youtube.com/watch?v=GMtNgR0sq0c&list=PLBXsJUsJ167nJ62fjSg5CgHSNyJ6rHVwx&index=46&pp=iAQB,BJJ - Half guard - YouTube,https://www.youtube.com/playlist?list=PLBXsJUsJ167nJ62fjSg5CgHSNyJ6rHVwx,https://i.ytimg.com/vi/GMtNgR0sq0c/hqdefault.jpg?sqp=-oaymwEcCNACELwBSFXyq4qpAw4IARUAAIhCGAFwAcABBg==&rs=AOn4CLCCxvNVbCkURuw8m3cLWY0CbozpQg,East Midlands BJJ,https://www.youtube.com/@eastmidlandsbjj4465,2 years ago,3.7K views,Mon Apr 10 2023 06:32:31 GMT+1000 (Australian Eastern Standard Time)